index,antecedent,consequent,confidence,support,interest
0,difference,between,0.9295583238958097,0.010260076950577129,0.9042006337131333
1,"my,how",i,0.9571483229179951,0.0187626407198054,0.821909808629138
2,"my,can",i,0.9375519016774622,0.014112605844543834,0.802313387388605
3,"my,do",i,0.8794227834050229,0.01584511883839129,0.7441842691161658
4,"between,what,the",and,0.9535552815454171,0.011600087000652504,0.6821082456926482
5,"between,what,the,be",and,0.9528478057889822,0.010205076538074035,0.6814007699362132
6,"between,what,be",and,0.9508514766113386,0.011027582706870301,0.6794044407585698
7,"between,what",and,0.9498201098276842,0.01254009405070538,0.6783730739749152
8,such,as,0.7532557735718006,0.010845081338110036,0.6772377034362747
9,difference,and,0.9295583238958097,0.010260076950577129,0.6581112880430409
10,"between,the,be",and,0.9267248215701824,0.014607609557071678,0.6552777857174135
11,my,i,0.7882803768162222,0.037027777708332814,0.6530418625273651
12,"between,the",and,0.918248694826768,0.019347645107338305,0.6468016589739991
13,"between,be",and,0.9159836065573771,0.0167626257196929,0.6445365707046082
14,"my,to",i,0.7723726480036714,0.012622594669460021,0.6371341337148143
15,between,and,0.9039731834762891,0.0229226719200394,0.6325261476235202
16,"way,be",to,0.8477501540990343,0.010315077363080223,0.5548229571450571
17,"can,how",i,0.6785436253667885,0.028327712457843435,0.5433051110779313
18,"way,the",to,0.8301460004112687,0.010092575694317707,0.5372188034572916
19,"best,to,the,be",what,0.7693774926304838,0.011092583194373958,0.5197106201289401
20,"my,be",i,0.6547159404302262,0.011870089025667692,0.519477426141369
21,"i,do",how,0.6715807076218976,0.038152786145896095,0.5151670345193493
22,"best,to,the",what,0.7621705426356589,0.012290092175691318,0.5125036701341151
23,way,to,0.8001280204832774,0.01250009375070313,0.5072008235293002
24,"best,to,be",what,0.7519934906427991,0.011552586644399832,0.5023266181412553
25,"best,to",what,0.7401790872328134,0.012812596094470708,0.4905122147312697
26,"i,do,a",how,0.6398023994354269,0.011332584994387458,0.48338872633287866
27,"you,how",do,0.6716853408029878,0.014387607907059303,0.4818414169735591
28,"some,be",what,0.7217750402463778,0.025780193351450136,0.4721081677448341
29,should,i,0.6002204377263423,0.019060142951072133,0.4649819234374851
30,"your,be",what,0.7122325657357504,0.01090258176936327,0.4625656932342067
31,include,and,0.7289830508474576,0.010752580644354833,0.4575360149946887
32,n't,do,0.6429011205516562,0.013052597894484208,0.45305719672222744
33,"between,and,the,be",what,0.6986137258257744,0.010205076538074035,0.4489468533242307
34,"best,what,to,be",the,0.9601817788357498,0.011092583194373958,0.43587284651875746
35,"best,what,to",the,0.9592195121951219,0.012290092175691318,0.43491057987812953
36,"best,the,be",what,0.6820783515644874,0.026812701095258216,0.43241147906294364
37,"can,i",how,0.5864299761929407,0.028327712457843435,0.4300163030903924
38,"between,the,be",what,0.6794607454401269,0.010710080325602443,0.4297938729385832
39,"some,what",be,0.9859451190362367,0.025780193351450136,0.42517841328594363
40,"india,be",in,0.7200211304807185,0.01022257666932502,0.416136351344875
41,"best,the",what,0.6640365923384791,0.02903521776413323,0.4143697198369354
42,"best,to,be",the,0.938486574450773,0.01441760813206099,0.4141776421337806
43,"best,be",what,0.661509150741874,0.028645214839111293,0.41184227824033026
44,"best,what,be",the,0.9360272298830511,0.026812701095258216,0.4117182975660587
45,"between,and,be",what,0.6578672632363908,0.011027582706870301,0.40820039073484704
46,"by,in,of",the,0.9319672131147541,0.01421260659454946,0.4076582807977617
47,"best,what",the,0.9317288407541116,0.02903521776413323,0.40741990843711917
48,"best,to",the,0.9315424610051993,0.01612512093840704,0.40723352868820695
49,"state,of",the,0.9308075772681954,0.011670087525656443,0.406498644951203
50,"by,in,of,be",the,0.9306778169014085,0.010572579294344707,0.4063688845844161
51,"between,what,and,be",the,0.9254137383813195,0.010205076538074035,0.4011048060643271
52,"between,what,and",the,0.9250398724082934,0.011600087000652504,0.40073094009130106
53,"between,what,be",the,0.923474886829058,0.010710080325602443,0.3991659545120656
54,"by,and,of",the,0.9230987917555081,0.016235121763413227,0.39878985943851575
55,"there,in",be,0.9580686149936467,0.011310084825636193,0.3973019092433536
56,"between,what",the,0.9214163984093922,0.012165091238184286,0.3971074660923998
57,"by,and,of,be",the,0.9194385695058642,0.011955089663172474,0.39512963718887184
58,"some,the",of,0.6999863443943739,0.01281509611322085,0.3944390527896869
59,"by,to,of",the,0.9186775603268098,0.012087590656929928,0.3943686280098174
60,there,be,0.954384837777064,0.0297102228266712,0.3936181320267709
61,"best,in,be",the,0.9166498078090228,0.011327584956887177,0.39234087549203045
62,"there,a",be,0.9521115376843807,0.01178008835066263,0.39134483193408764
63,"and,to,in,of",the,0.9155210410326372,0.02181016357622682,0.3912121087156448
64,"and,to,in,of,be",the,0.914342300709688,0.013850103875779068,0.39003336839269565
65,"on,in,of",the,0.9127342123525329,0.013152598644489834,0.38842528003554055
66,"there,to",be,0.9478694469628286,0.010455078413088098,0.3871027412125355
67,best,what,0.6343511450381679,0.031162733720502905,0.3846842725366242
68,"between,be",what,0.6337431693989071,0.011597586981902365,0.38407629689736333
69,"there,the",be,0.9446633237822349,0.013187598906991803,0.38389661803194186
70,"best,be",the,0.9077997806131286,0.039310294827211205,0.3834908482961362
71,"state,in",the,0.9075372480280456,0.010355077663082473,0.3832283157110532
72,"most,of",the,0.9067346505205014,0.010670080025600192,0.382425718203509
73,"how,do,a",i,0.5172295755362848,0.011332584994387458,0.38199106124742765
74,"from,in,of",the,0.9059628125667878,0.010597579481846114,0.3816538802497954
75,"at,and,of",the,0.9045543691436043,0.010377577831833738,0.38024543682661194
76,"as,in,of,be",the,0.9026455026455027,0.01066257996934977,0.3783365703285103
77,"best,which",be,0.9385606874328679,0.010922581919364396,0.37779398168257483
78,india,in,0.6815636200716846,0.01521261409460571,0.3776788409358411
79,"on,and,of",the,0.9015317286652079,0.015450115875869069,0.37722279634821554
80,"as,in,of",the,0.9012178619756428,0.01665012487593657,0.3769089296586504
81,"and,a,to,in,of",the,0.9010439321444106,0.010357577681832614,0.3767349998274182
82,"on,to,of",the,0.8994939801081836,0.012887596656974927,0.3751850477911912
83,"at,of,be",the,0.8984631324469003,0.013007597556981677,0.37415420012990797
84,"by,of,be",the,0.8983335080180275,0.021427660707455307,0.3740245757010351
85,"that,in,of,be",the,0.8978453251250481,0.011667587506906302,0.37353639280805573
86,"and,in,of,be",the,0.8972911157172468,0.03138523538926542,0.37298218340025446
87,"'s,in,of",the,0.8971040284743569,0.013862603969529772,0.3727950961573645
88,"by,of",the,0.8956421133821828,0.02903021772663295,0.3713331810651904
89,can,i,0.5059042232869898,0.048305362290217174,0.37066570899813267
90,"which,in,of",the,0.8946692357096981,0.010447578356837676,0.37036030339270576
91,"from,and,of",the,0.8941001302810349,0.012010090075675568,0.3697911979640425
92,"i,how,a",do,0.5596296296296296,0.011332584994387458,0.36978570580020087
93,"by,and,in",the,0.8937232524964337,0.012530093975704818,0.3694143201794413
94,"from,to,of",the,0.8937151643282721,0.011625087188153912,0.36940623201127976
95,"that,in,of",the,0.8919183445190156,0.015947619607147055,0.36760941220202326
96,world,the,0.8917417417417417,0.014847611357085178,0.3674328094247493
97,"and,in,of",the,0.8916566224722111,0.04993537451530886,0.36734769015521873
98,"to,in,of,be",the,0.8912062116287468,0.02467768508263812,0.3668972793117544
99,"to,in,of",the,0.8907529797209512,0.039422795670967535,0.36644404740395886
100,"can,in",i,0.501628664495114,0.012705095288214662,0.36639015020625687
101,"as,and,of,be",the,0.8903692424819185,0.011695087713157849,0.36606031016492613
102,best,the,0.8900763358778626,0.04372532793995955,0.36576740356087023
103,"at,of",the,0.8899958053691275,0.021217659132443493,0.3656868730521351
104,"'s,and,of",the,0.8893932516265698,0.0146951102133266,0.3650843193095774
105,"on,of,be",the,0.8885609727304923,0.018817641132308494,0.3642520404134999
106,"best,in",the,0.8881533101045296,0.012745095588216912,0.3638443777875372
107,"that,and,of,be",the,0.8876663708961846,0.012505093788203412,0.3633574385791922
108,i,how,0.5194010537018209,0.07024302682270117,0.3629873805992726
109,"as,and,the,be",of,0.668381197313902,0.011695087713157849,0.362833905709215
110,"best,what,the",be,0.9234544515240227,0.026812701095258216,0.36268774577372964
111,"as,to,of",the,0.8865216077364763,0.014667610007075053,0.3622126754194839
112,"state,be",the,0.8860445912469034,0.010730080475603566,0.361735658929911
113,"as,and,of",the,0.8842858819387396,0.01883764128230962,0.3599769496217472
114,"with,in,of",the,0.8836896397069817,0.01477761083208124,0.3593807073899893
115,"that,to,of,be",the,0.8835466179159049,0.012082590619429645,0.35923768559891256
116,"by,a,of",the,0.8832469157875916,0.012350092625694692,0.35893798347059924
117,"best,what",be,0.9192137986361814,0.028645214839111293,0.3584470928858883
118,"'s,to,of",the,0.8827498176513494,0.01210259076943077,0.35844088533435703
119,"as,and,the",of,0.6639351484712309,0.01883764128230962,0.3583878568665439
120,"best,for,the",be,0.9188152567653952,0.01078008085060638,0.35804855101510213
121,"and,to,of,be",the,0.8817941516603337,0.026687700157751182,0.3574852193433413
122,"and,a,to,in,the",of,0.66288,0.010357577681832614,0.357332708395313
123,"and,a,in,the",of,0.6621157684630739,0.02073265549491621,0.35656847685838683
124,"from,of,be",the,0.8806873977086743,0.013452600894506709,0.35637846539168194
125,"and,to,of",the,0.8804133347180393,0.042387817908634315,0.3561044024010469
126,"that,to,of",the,0.8800324236692786,0.016285122138416038,0.3557234913522862
127,"that,and,of",the,0.8795489492567914,0.017160128700965258,0.355240016939799
128,"best,for,be",the,0.8792822185970636,0.01078008085060638,0.3549732862800712
129,"and,a,in,the,be",of,0.6602434077079108,0.01302009765073238,0.35469611610322377
130,"for,in,of,be",the,0.8782168186423506,0.010835081263109473,0.3539078863253582
131,"i,how",do,0.543154073388618,0.038152786145896095,0.35331014955918927
132,"by,a,the",of,0.658052484347942,0.012350092625694692,0.3525051927432549
133,"and,a,in,of,be",the,0.8760302775441547,0.01302009765073238,0.35172134522716236
134,"by,and,to",the,0.8757936507936508,0.011035082763120723,0.3514847184766584
135,"have,in,of,be",the,0.8747944078947368,0.010637579781848363,0.35048547557774445
136,"my,i",how,0.506717979879819,0.0187626407198054,0.35030430677727076
137,"between,and,the",what,0.5995606667528104,0.011600087000652504,0.34989379425126665
138,"with,to,of",the,0.8737682636765206,0.012857596431973239,0.3494593313595282
139,"for,in,of",the,0.8737461548749499,0.01633262249466871,0.3494372225579575
140,"for,and,of,be",the,0.8736059479553904,0.011750088125660942,0.349297015638398
141,state,the,0.8730585789409319,0.01784763385725393,0.3487496466239395
142,"state,the",of,0.6538730914693934,0.011670087525656443,0.3483257998647064
143,"which,of,be",the,0.8723016114320462,0.014345107588306913,0.3479926791150538
144,"as,a,the,be",of,0.6532271175418631,0.010045075338065035,0.3476798259371761
145,"a,to,in,of",the,0.8719117294315184,0.018175136313522352,0.347602797114526
146,"a,to,in,of,be",the,0.871698820003746,0.011635087263154474,0.3473898876867536
147,"between,and,be",the,0.8714392244593587,0.014607609557071678,0.34713029214236635
148,"best,for",be,0.9071402145763966,0.01226009195068963,0.3463735088261035
149,"as,a,the",of,0.6517301214657548,0.015962619719647898,0.3461828298610678
150,"and,a,in,of",the,0.8704733914138764,0.02073265549491621,0.346164459096884
151,"most,be",the,0.8702555197221533,0.017540131550986632,0.34594658740516093
152,"for,and,of",the,0.8700036447576236,0.017902634269757023,0.3456947124406312
153,"by,and,the",of,0.650962309542903,0.016235121763413227,0.345415017938216
154,"as,in,the,be",of,0.6508469403326721,0.01066257996934977,0.3452996487279851
155,city,the,0.8689281413087113,0.01082258116935877,0.34461920899171894
156,"with,and,of",the,0.868706942236354,0.016392622944672086,0.34439800991936165
157,"in,of,be",the,0.868670290970014,0.06351547636607274,0.34436135865302164
158,"best,for",the,0.868109507954125,0.011732587994409958,0.3438005756371326
159,"for,what,the",be,0.9042922783817102,0.02017265129488471,0.34352557263141714
160,"one,the",of,0.6489671777974908,0.012802596019470145,0.3434198861928038
161,some,what,0.5930146850371378,0.02614769610772081,0.3433478125355941
162,"it,for",to,0.6361153262518968,0.010480078600589504,0.34318812929791964
163,"have,in,of",the,0.8674195924380064,0.017665132488493662,0.343110660121014
164,"as,of,be",the,0.8672965879265092,0.02065265489491171,0.34298765560951683
165,"for,to,of,be",the,0.8672813036020584,0.010112575844318832,0.34297237128506597
166,"on,of",the,0.8669349243790759,0.031240234301757264,0.34262599206208355
167,"as,in,the",of,0.6473561430793157,0.01665012487593657,0.34180885147462864
168,"best,what,to,the",be,0.9025630593978845,0.011092583194373958,0.3417963536475914
169,"and,a,to,of",the,0.8657433901796956,0.018910141826063695,0.3414344578627032
170,"best,what,to",be,0.9016585365853659,0.011552586644399832,0.3408918308350728
171,"as,and,a",of,0.6463490099009901,0.010445078338087535,0.34080171829630307
172,"and,a,to,of,be",the,0.8646629912857905,0.012155091163183723,0.3403540589687981
173,"have,to,of,be",the,0.864473944917773,0.010907581806863551,0.3401650126007806
174,"by,and,the,be",of,0.6450829623634157,0.011955089663172474,0.33953567075872865
175,"from,of",the,0.8634783425725829,0.022975172313792352,0.33916941025559055
176,"best,the",be,0.8990280160091481,0.039310294827211205,0.338261310258855
177,"for,to,of",the,0.8622138510576645,0.014877611582086865,0.3379049187406721
178,"by,in,be",the,0.862152822219378,0.016840126300947257,0.33784388990238556
179,"between,be",the,0.8613387978142076,0.015762618219636648,0.33702986549721525
180,"it,a,be",to,0.6296368606013276,0.01612512093840704,0.33670966364735044
181,"i,what",do,0.5261577549370597,0.011390085425640692,0.336313831107631
182,"which,of",the,0.8597810461130156,0.019437645782343367,0.33547211379602326
183,"as,and,in",of,0.6408096926713948,0.010842581319359895,0.33526240106670774
184,"'s,of,be",the,0.8585832801531589,0.016817626132195992,0.3342743478361665
185,"and,of,be",the,0.8585786802030457,0.06342797570981783,0.33426974788605335
186,"have,and,of,be",the,0.8578549012368469,0.011617587131903489,0.33354596891985455
187,"by,in",the,0.8578108598148678,0.022472668545014087,0.33350192749787544
188,"best,to,the",be,0.8941085271317829,0.01441760813206099,0.3333418213814898
189,"as,of",the,0.8571060098013928,0.0332302492268692,0.33279707748440046
190,"on,a,of",the,0.8568086102012167,0.01373260299452246,0.3324996778842243
191,"on,and,in",the,0.8562103354487761,0.011805088538164036,0.33190140313178373
192,"in,of",the,0.8560434201878432,0.10094325707442806,0.3317344878708508
193,"'s,and,in",the,0.855072463768116,0.011947589606922052,0.3307635314511236
194,"that,of,be",the,0.8524475524475524,0.024380182851371387,0.32813862013056005
195,"best,in,the",be,0.8887799136916438,0.011327584956887177,0.3280132079413507
196,"between,the",what,0.5773611770289511,0.012165091238184286,0.32769430452740733
197,"as,a,of,be",the,0.8516320474777448,0.010045075338065035,0.3273231151607524
198,"by,and,a",the,0.8515164279696714,0.010107575806818552,0.32720749565267904
199,"by,in,the",of,0.632439648459228,0.01421260659454946,0.32689235685454093
200,"have,to,of",the,0.8511078646213781,0.017477631082233117,0.3267989323043857
201,"best,to",be,0.8874927787406124,0.015362615219614148,0.3267260729903193
202,"as,and,in",the,0.8506205673758865,0.014392607944559585,0.32631163505889416
203,"how,a",do,0.5157114275626692,0.021910164326232447,0.32586750373324047
204,"on,to,in",the,0.8495245969408847,0.010275077063077974,0.3252156646238923
205,"that,and,in,be",the,0.8494486853265479,0.010015075113063349,0.32513975300955555
206,"and,a,to,the",of,0.6305960817007086,0.018910141826063695,0.32504879009602156
207,"with,of,be",the,0.8493150684931506,0.017360130200976508,0.32500613617615826
208,"and,a,to,the,be",of,0.6303643199792558,0.012155091163183723,0.3248170283745688
209,"to,of,be",the,0.8482237216486465,0.05217039127793458,0.3239147893316541
210,"and,of",the,0.8473005473544535,0.10216826626199696,0.3229916150374611
211,"'s,of",the,0.8467010234448719,0.029162718720390404,0.3223920911278795
212,"by,in,the,be",of,0.6278206650831354,0.010572579294344707,0.32227337347844837
213,most,the,0.8464828464828464,0.023255174413808102,0.32217391416585406
214,your,what,0.5717616055138861,0.014102605769543272,0.32209473301234237
215,"a,in,of,be",the,0.8459825252698304,0.024690185176388824,0.32167359295283804
216,"by,and,be",the,0.8452679589509692,0.01853263899479246,0.3209590266339768
217,"what,of,the",be,0.8815802768515711,0.043625327189953926,0.32081357110127806
218,"that,of",the,0.8450820191272405,0.033357750183126374,0.3207730868102481
219,best,be,0.8814758269720102,0.043302824771185786,0.32070912122171713
220,"between,and",the,0.8440396989857127,0.019347645107338305,0.31973076666872036
221,"between,what,the",be,0.8803945745992602,0.010710080325602443,0.3196278688489671
222,"and,a,the",of,0.6246230757022695,0.03935779518346388,0.31907578409758247
223,"between,what,and,the",be,0.8797413793103448,0.010205076538074035,0.3189746735600517
224,"that,and,in",the,0.8430859254696643,0.013687602657019928,0.31877699315267194
225,"between,what,and",be,0.8793859649122807,0.011027582706870301,0.31861925916198763
226,"by,and",the,0.8427811100785672,0.024940187051402884,0.31847217776157477
227,"have,and,of",the,0.8422442244224423,0.019140143551076634,0.3179352921054499
228,"that,a,of,be",the,0.8421052631578947,0.011560086700650255,0.3177963308409023
229,"between,what",be,0.8784321151297103,0.011597586981902365,0.31766540937941723
230,"as,a,of",the,0.8416820458739784,0.015962619719647898,0.31737311355698605
231,"who,of",the,0.8416256606524513,0.01154508658814941,0.3173167283354589
232,"to,of",the,0.8405581723382283,0.08342812571094284,0.3162492400212359
233,"what,in,of,be",the,0.8403103572717431,0.011642587319404896,0.3160014249547507
234,"that,to,in",the,0.8400063552589768,0.01321759913199349,0.31569742294198444
235,"that,a,the,be",of,0.6211714132186996,0.011560086700650255,0.3156241216140126
236,"and,a,of,be",the,0.8397496355997599,0.024485183638877292,0.3154407032827675
237,"as,in,of",and,0.5868741542625169,0.010842581319359895,0.31542711840974796
238,"that,and,the",of,0.6200542005420054,0.017160128700965258,0.3145069089373184
239,"that,and,the,be",of,0.6194427244582044,0.012505093788203412,0.31389543285351734
240,"as,the,be",of,0.6194046637174777,0.02065265489491171,0.3138573721127907
241,"for,of,be",the,0.838038496791934,0.022857671432535743,0.3137295644749416
242,"a,in,of",the,0.8377949423341445,0.03959029692722695,0.31348601001715215
243,"but,of",the,0.8377408386853041,0.011087583156873677,0.31343190636831175
244,"and,a,the,be",of,0.618933265925177,0.024485183638877292,0.3133859743204899
245,"as,to,in",the,0.8373515653112631,0.011635087263154474,0.3130426329942707
246,"'s,a,of",the,0.8363636363636363,0.011155083663127473,0.3120547040466439
247,"at,in,be",the,0.8360556563823351,0.010365077738083036,0.31174672406534276
248,"it,and,of",the,0.8356697819314641,0.010730080475603566,0.31136084961447175
249,"and,to,in,the",of,0.6164499717354438,0.02181016357622682,0.3109026801307568
250,"what,and,the",be,0.8710104312626499,0.027972709795323465,0.3102437255123568
251,how,do,0.5000559418205067,0.07821558661689963,0.310212017991078
252,"that,a,the",of,0.6154371584699454,0.015767618257136927,0.3098898668652584
253,"and,to,in,the,be",of,0.6153504387426414,0.013850103875779068,0.30980314713795437
254,"have,of,be",the,0.8339174454828661,0.021415160613704604,0.3096085131658737
255,"with,of",the,0.8339080864240974,0.02962272217041628,0.30959915410710503
256,"'s,to,in",the,0.833463186599143,0.010697580231851739,0.3091542542821506
257,"what,in,of,the",be,0.8698169592827792,0.011642587319404896,0.30905025353248616
258,state,of,0.6133056133056133,0.01253759403195524,0.30775832170092626
259,"that,a,of",the,0.8320580474934037,0.015767618257136927,0.30774911517641135
260,"as,to,the",of,0.6129335562055996,0.014667610007075053,0.3073862646009126
261,"as,the",of,0.6126474926253688,0.0332302492268692,0.30710020102068175
262,between,the,0.8309178743961353,0.021070158026185195,0.3066089420791429
263,"it,a",to,0.599397168091967,0.021377660332452492,0.3064699711379898
264,"that,what",be,0.8660744789887257,0.012675095063212974,0.3053077732384326
265,"as,and,to",the,0.8295401035944122,0.013212599094493209,0.30523117127741983
266,"by,to,be",the,0.829408385985066,0.014440108300812255,0.3050994536680737
267,"and,a,of",the,0.8292772861356932,0.03935779518346388,0.3049683538187008
268,"by,to,the",of,0.6101716304896517,0.012087590656929928,0.3046243388849647
269,"as,and,be",of,0.6097249622838575,0.013135098513238849,0.3041776706791705
270,"'s,and,to",the,0.8282392649540596,0.011042582819371146,0.30393033263706726
271,"on,and,to",the,0.8280349201120079,0.012567594256956928,0.3037259877950155
272,"with,and,in",the,0.8278465720326186,0.013705102788270912,0.3035376397156262
273,"on,in,be",the,0.826601882781658,0.013610102075765568,0.30229295046466564
274,"a,to,of,be",the,0.8261108063631377,0.022590169426270696,0.30180187404614534
275,"what,in,the",be,0.8623129251700681,0.03169023767678258,0.301546219419775
276,"for,of",the,0.825253063399041,0.03485276139571047,0.30094413108204865
277,"by,to",the,0.8250728862973761,0.019810148576114323,0.3007639539803837
278,"best,in",be,0.8611498257839721,0.012357592681945114,0.30038312003367906
279,"what,the",be,0.8611015146280706,0.11839588796915977,0.3003348088777775
280,"at,and,be",the,0.8245784066679589,0.010635079763098224,0.3002694743509665
281,"one,of",the,0.8245049106424086,0.012802596019470145,0.3001959783254162
282,"what,and,of",be,0.8608045567817729,0.012090090675680067,0.30003785103147984
283,"at,and,the",of,0.6053667784745516,0.010377577831833738,0.29981948686986454
284,"what,a,the",be,0.860201770640313,0.02089015667617507,0.2994350648900199
285,"that,and,to,be",the,0.8233112065599375,0.01054257906934302,0.2990022742429451
286,"not,of",the,0.8233050112710248,0.011870089025667692,0.29899607895403246
287,"a,to,in,of,the",and,0.5698762035763412,0.010357577681832614,0.29842916772357225
288,"with,a,the",of,0.6038532308691417,0.013947604607034553,0.29830593926445464
289,"and,to,in,be",the,0.8224922346062489,0.022507668807516056,0.2981833022892565
290,"this,the",of,0.6034117515888059,0.013530101475761069,0.29786445998411887
291,"between,and",what,0.5470607481731923,0.01254009405070538,0.29739387567164854
292,"and,to,in",the,0.8213580963435868,0.03538026535199014,0.2970491640265944
293,go,to,0.5898786017259032,0.010082575619317144,0.29695140477192605
294,"a,to,of",the,0.8212017017308701,0.03522776420823156,0.29689276941387777
295,"with,and,the",of,0.601614827048353,0.016392622944672086,0.296067535443666
296,"as,of,the",and,0.5668823352392417,0.01883764128230962,0.2954352993864728
297,"as,in,be",the,0.8192274034254282,0.016382622869671522,0.29491847110843583
298,"as,of,the,be",and,0.5662752693378525,0.011695087713157849,0.29482823348508364
299,"at,in",the,0.8187944131340358,0.016707625307189805,0.2944854808170434
300,"for,a,of,be",the,0.8186900958466453,0.010250076875576566,0.29438116352965293
301,"and,a,to,in",of,0.5995566566697093,0.0114950862131466,0.29400936506502223
302,"and,in,the",of,0.5987589556041848,0.04993537451530886,0.2932116639994978
303,"from,and,to",the,0.8169836189041612,0.010847581356860177,0.2926746865871688
304,"with,a,of",the,0.8162399414776884,0.013947604607034553,0.29193100916069603
305,"and,a,to,in,be",the,0.8161057692307693,0.01018507638807291,0.2917968369137769
306,"as,and",of,0.5972942660872004,0.021302659769948273,0.29174697448251335
307,"and,in,the,be",of,0.5969567284831193,0.03138523538926542,0.2914094368784323
308,"what,in,of",the,0.815661182205972,0.013385100388252911,0.29135224988897956
309,other,and,0.5627738825591586,0.012842596319472396,0.2913268467063897
310,"he,of",the,0.8154086820492765,0.01042507818808641,0.29109974973228414
311,"from,and,the",of,0.5963997517070143,0.012010090075675568,0.2908524601023273
312,"and,a,to,in",the,0.8149693571521711,0.015625117188378914,0.29066042483517873
313,"have,and,in,be",the,0.8144475920679887,0.010062575469316019,0.2901386597509963
314,"'s,and,be",the,0.8142545454545455,0.013995104963287224,0.28994561313755307
315,"have,a,of,be",the,0.8141754670999187,0.01002257516931377,0.28986653478292634
316,"that,and,to",the,0.8141669056495555,0.014195106463298475,0.28985797333256313
317,"to,in,of,the,be",and,0.5612399959477257,0.013850103875779068,0.28979296009495675
318,"from,in,be",the,0.8134034165571616,0.010832581244359332,0.28909448424016926
319,"by,and",of,0.5943228858663513,0.017587631907239304,0.28877559426166427
320,"'s,in,be",the,0.8128427128427128,0.014082605619542147,0.28853378052572043
321,"as,in,the",and,0.5595839813374806,0.014392607944559585,0.28813694548471164
322,"as,and,be",the,0.8122316351398399,0.017497631232234242,0.2879227028228475
323,"for,a,of",the,0.8122174867622368,0.015722617919634398,0.28790855444524444
324,"by,of,the",and,0.5592490527040992,0.016235121763413227,0.2878020168513303
325,"of,be",the,0.8119551681195517,0.1532211491586187,0.2876462358025593
326,"this,of",the,0.8118811881188119,0.013530101475761069,0.28757225580181955
327,"by,and,be",of,0.5930444697833523,0.013002597519481397,0.2874971781786653
328,"his,of",the,0.8109339407744874,0.01246009345070088,0.28662500845749506
329,"by,of,the,be",and,0.5579278963948198,0.011955089663172474,0.28648086054205085
330,"their,the",and,0.5578311671261652,0.01062257966934752,0.2863841312733963
331,"by,in,the",and,0.5575703637779509,0.012530093975704818,0.28612332792518197
332,"it,a,the",to,0.5787989850577954,0.010265076988077411,0.2858717881038182
333,"by,to,the",and,0.5570418980312973,0.011035082763120723,0.2855948621785284
334,"that,in,the,be",of,0.5910587639311043,0.011667587506906302,0.2855114723264173
335,"that,in,the",of,0.5908122626655552,0.015947619607147055,0.2852649710608682
336,"as,in,be",of,0.5906988373546693,0.011812588594414457,0.2851515457499823
337,"on,and,be",the,0.8089179997480791,0.0160551204134031,0.2846090674310867
338,"a,to,in,the",of,0.5900495089684279,0.018175136313522352,0.2845022173637409
339,"by,a,be",of,0.5898868356968916,0.010295077213079097,0.2843395440922046
340,"a,in,the",of,0.589817125405043,0.03959029692722695,0.28426983380035603
341,"with,to,in",the,0.8085106382978723,0.010925081938114535,0.2842017059808799
342,"'s,and,the",of,0.5895095777755491,0.0146951102133266,0.2839622861708621
343,"an,of,be",the,0.8082545141874462,0.011750088125660942,0.2839455818704538
344,"it,be",to,0.5767665130568357,0.037547781608362064,0.2838393161028585
345,"by,the",of,0.5892621536587841,0.02903021772663295,0.2837148620540971
346,"what,in,of",be,0.84430225472273,0.01385510391327935,0.28353554897243693
347,"way,to",the,0.8074,0.010092575694317707,0.2830910676830076
348,"a,in,the,be",of,0.5885928839620955,0.024690185176388824,0.2830455923574085
349,"have,of",the,0.807304442627419,0.03702527768958267,0.2829955103104266
350,"for,what",be,0.8435824221742462,0.030282727120453403,0.2828157164239531
351,"with,in,the",of,0.5883348263163133,0.01477761083208124,0.28278753471162626
352,"and,a,in,be",of,0.5882643973876904,0.014862611469586022,0.2827171057830034
353,"for,in,of",and,0.5534305202621372,0.01034507758808191,0.2819834844093683
354,"with,of,the",and,0.5533800320702169,0.016392622944672086,0.281932996217448
355,"to,in,of,the",and,0.5532373644492359,0.02181016357622682,0.28179032859646697
356,"as,in",the,0.8053228962818004,0.02572019290144676,0.28101396396480804
357,"by,the,be",of,0.5862918120254463,0.021427660707455307,0.2807445204207593
358,"have,in,of",and,0.5521728455683771,0.011245084338132537,0.2807258097156082
359,"as,to,the",and,0.5521312160468032,0.013212599094493209,0.28068418019403424
360,"as,of,be",and,0.5516010498687665,0.013135098513238849,0.28015401401599754
361,"a,to,in,of",and,0.5514511873350924,0.0114950862131466,0.28000415148232344
362,"have,a,the,be",of,0.5854264018691588,0.01002257516931377,0.2798791102644718
363,"first,be",the,0.8037346046881207,0.010115075863068973,0.27942567237112836
364,"as,a,of",and,0.5507513841286581,0.010445078338087535,0.2793043482758892
365,"and,a,in",of,0.5848373235113566,0.023817678632589743,0.2792900319066696
366,"their,of",the,0.8035227891774106,0.01106258296937227,0.2792138568604182
367,"on,in",the,0.803454019461734,0.022912671845038837,0.2791450871447416
368,"for,and,in,be",the,0.8031863221293958,0.010335077513081348,0.2788773898124034
369,"'s,a,the",of,0.5843373493975904,0.011155083663127473,0.2787900577929034
370,"what,of",be,0.83933497071604,0.055532916496873724,0.27856826496574694
371,"it,in,be",to,0.5712184636271072,0.012622594669460021,0.27829126667313
372,"have,and,the,be",of,0.583574029888233,0.011617587131903489,0.278026738283546
373,"as,of",and,0.5494583440804746,0.021302659769948273,0.27801130822770564
374,"from,in,the",of,0.5826003298515668,0.010597579481846114,0.2770530382468798
375,"by,in",of,0.5821166141807425,0.01525011437585782,0.27656932257605543
376,"'s,and",the,0.8008192113083287,0.02492768695765218,0.2765102789913363
377,"by,a",of,0.5818768206408655,0.013982604869536522,0.2763295290361785
378,"state,the",in,0.5801933043843676,0.010355077663082473,0.27630852524852406
379,"use,of",the,0.8004465052378499,0.011652587394405459,0.2761375729208575
380,"by,in,be",of,0.5815947779342122,0.011360085200639004,0.2760474863295252
381,"that,in,be",the,0.8003243462396108,0.019740148051110382,0.2760154139226184
382,"which,and,be",the,0.8001722652885443,0.011612587094403208,0.27586333297155197
383,"to,in,of,be",and,0.5470386421090646,0.015147613607102053,0.2755916062562957
384,"on,and,a",the,0.7998265394622723,0.011527586456898426,0.27551760714527995
385,"their,the",of,0.5809373769200472,0.01106258296937227,0.2753900853153602
386,"you,be",what,0.5249715644710992,0.012692595194463958,0.2753046919695554
387,"that,to,of",and,0.5463388273439611,0.010110075825568691,0.2748917914911922
388,"for,and,in",the,0.7989279644397961,0.015277614582109366,0.2746190321228037
389,"'s,in",the,0.7986412376197103,0.024392682945122087,0.2743323053027179
390,"that,and,to",of,0.5798680814453685,0.010110075825568691,0.2743207898406815
391,"with,in,the",and,0.5456355130884841,0.013705102788270912,0.2741884772357152
392,"from,and,be",the,0.7984745762711865,0.011777588331912489,0.27416564395419407
393,"a,to,in,the,be",of,0.5794322709163346,0.011635087263154474,0.2738849793116476
394,"by,of,be",and,0.5451210564930301,0.013002597519481397,0.2736740206402612
395,"as,and,a",the,0.7979579207920792,0.012895096713225349,0.2736489884750868
396,take,to,0.5665649786455156,0.011607587056902928,0.2736377816915384
397,"have,and,in",the,0.7979261819528454,0.016160121200909008,0.273617249635853
398,"as,in",of,0.5784735812133073,0.018475138563539228,0.27292628960862025
399,"have,a,the",of,0.5778652668416447,0.016512623844678834,0.2723179752369577
400,"have,and,the",of,0.577811320754717,0.019140143551076634,0.27226402915002995
401,"which,in,be",the,0.7965698547821732,0.015907619307144804,0.27226092246518085
402,"on,a,in",the,0.7961639714178262,0.01058507938809541,0.27185503910083386
403,"what,and,in",be,0.8324022346368715,0.010430078225586692,0.2716355288865784
404,during,the,0.7955441302485005,0.011605087038152787,0.2712351979315081
405,"as,and",the,0.7955278284031964,0.028372712795345964,0.271218896086204
406,"by,of",and,0.5426147319706903,0.017587631907239304,0.2711676961179214
407,"have,of,the,be",and,0.542493579266869,0.011617587131903489,0.2710465434141001
408,between,what,0.5206546386670611,0.013202599019492646,0.27098776616551734
409,"by,a,be",the,0.7948717948717948,0.013872604044530334,0.27056286255480244
410,"at,and",the,0.7941857771600649,0.017142628569714272,0.2698768448430725
411,"that,in",the,0.7938386883317403,0.02699270244526834,0.26952975601474793
412,"as,in,be",and,0.5406925865733216,0.010812581094358207,0.26924555072055273
413,"and,in,be",the,0.7934651373377604,0.052575394315457366,0.269156205020768
414,"which,to,be",the,0.7933615359583469,0.012190091425685693,0.2690526036413545
415,"it,to,of",the,0.7931277533039648,0.011252584394382958,0.2688188209869724
416,"on,in,the",of,0.5740316421167485,0.013152598644489834,0.2684843505120615
417,"with,of,be",and,0.5398727984344422,0.011035082763120723,0.26842576258167333
418,"an,of",the,0.7925191815856778,0.018592639444795837,0.2682102492686854
419,"a,of,be",the,0.7922610904827047,0.05067538006535049,0.2679521581657123
420,"on,and,the",of,0.5734966592427617,0.015450115875869069,0.2679493676380747
421,"with,and,to",the,0.7920997920997921,0.012382592869446521,0.2677908597827997
422,"what,to,the",be,0.8285068512501765,0.029325219939149542,0.26774014549988345
423,"and,to,the,be",of,0.5730312952922862,0.026687700157751182,0.2674840036875992
424,"by,a,the",and,0.5385640069268682,0.010107575806818552,0.2671169710740993
425,"that,a,in",the,0.7913165266106442,0.012712595344465083,0.26700759429365184
426,"have,in,the,be",and,0.5383895131086143,0.010062575469316019,0.26694247725584536
427,"that,to,the,be",of,0.5724268624896364,0.012082590619429645,0.26687957088494935
428,"to,in,of",and,0.53827034965825,0.023822678670090025,0.26682331380548113
429,"that,and,be",the,0.7911237386107574,0.020187651407385557,0.266814806293765
430,"a,to,of,the,be",and,0.5380699424524126,0.012155091163183723,0.26662290659964366
431,"it,of,be",the,0.7907294643966696,0.015907619307144804,0.2664205320796772
432,"with,in,be",the,0.7905476566614007,0.01501261259459446,0.2662387243444083
433,"as,a,in",the,0.7905361757105943,0.012237591781938364,0.26622724339360193
434,"which,and",the,0.7902518481393309,0.015767618257136927,0.26594291582233853
435,"by,in,be",and,0.5373096121848202,0.010495078713090349,0.2658625763320513
436,"and,to,the",of,0.5712023717279251,0.042387817908634315,0.2656550801232381
437,"a,to,of,the",and,0.5367965367965368,0.018910141826063695,0.2653495009437679
438,"what,and,of",the,0.7890708437166252,0.011082583119373395,0.2647619113996328
439,"way,to",be,0.8252,0.010315077363080223,0.26443329424970696
440,"or,of,be",the,0.788391557496361,0.010832581244359332,0.26408262517936865
441,"by,in",and,0.5351655692337055,0.014020105150788631,0.2637185333809366
442,"have,in,the,be",of,0.5691546281433922,0.010637579781848363,0.2636073365387052
443,"what,a,of",be,0.8242725880551302,0.010765080738105537,0.26350588230483707
444,of,the,0.7875108412836079,0.24062180466353497,0.26320190896661555
445,"on,and",the,0.7872589129164231,0.026940202051515386,0.26294998059943075
446,"'s,in,the",of,0.5683099313313519,0.013862603969529772,0.26276263972666486
447,"on,a,the",of,0.5682217854556739,0.01373260299452246,0.2626744938509869
448,"that,to,the",of,0.5674710340622006,0.016285122138416038,0.26192374245751354
449,"an,the",of,0.5674500228902792,0.018592639444795837,0.2619027312855922
450,"have,a,of",the,0.7859352689195621,0.016512623844678834,0.26162633660256973
451,"from,in",the,0.7858300032400907,0.018190136426023195,0.2615210709230983
452,"what,of,be",the,0.785576014045829,0.043625327189953926,0.2612670817288366
453,"have,to,in",the,0.7847051198963059,0.01513511351335135,0.2603961875793135
454,it,to,0.5528339191564148,0.05033037747783108,0.2599067222024376
455,"with,of",and,0.531212611724963,0.018870141526061444,0.2597655758721941
456,"have,to,of",and,0.5308010713416119,0.01090008175061313,0.259354035488843
457,"by,be",the,0.7836084905660378,0.036547774108305814,0.2592995582490454
458,"an,the,be",of,0.5647680845950492,0.011750088125660942,0.2592207929903622
459,"as,in",and,0.529784735812133,0.016920126900951758,0.2583376999593641
460,"'s,the,be",of,0.563778075762655,0.016817626132195992,0.258230784157968
461,"with,to,the",and,0.5295060936497755,0.012382592869446521,0.2580590577970066
462,"what,and",be,0.8183494940978078,0.03882279117093378,0.2575827883475147
463,"with,a,the",and,0.528953349929646,0.01221759163193724,0.25750631407687713
464,"by,a",the,0.7810029130253849,0.01876764075730568,0.25669398070839256
465,"and,a,in,be",the,0.7805264199485454,0.019720147901109257,0.25621748763155305
466,"it,of",the,0.7802730865971973,0.02171516286372148,0.2559641542802049
467,"have,of,be",and,0.5273559190031153,0.01354260156951177,0.2559088831503464
468,"a,in,of,the,be",and,0.5273390036452005,0.01302009765073238,0.25589196779243156
469,"that,on",the,0.7800733732380768,0.010100075750568129,0.2557644409210844
470,first,the,0.7795440542205792,0.0158151186133896,0.25523512190358677
471,"from,and",the,0.779541275525017,0.020137651032382742,0.25523234320802457
472,"that,and",the,0.7795225688331807,0.027675207564056732,0.25521363651618834
473,"or,of",the,0.7793858545179965,0.015482616119620898,0.2550769222010041
474,"as,a,the",and,0.5264877003164234,0.012895096713225349,0.25504066446365453
475,"who,in",the,0.7792115962524306,0.01102008265061988,0.25490266393543826
476,"as,a,be",of,0.5601994775587746,0.011795088463163473,0.2546521859540876
477,state,in,0.5581509110920876,0.011410085575641818,0.2542661319562441
478,"that,it",be,0.8148593773499775,0.013545101588261912,0.2540926715996844
479,way,the,0.7782045127220355,0.012157591181933864,0.2538955804050431
480,"by,to",and,0.5247813411078717,0.012600094500708755,0.25333430525510275
481,"as,the,be",and,0.5247806853115393,0.017497631232234242,0.2533336494587704
482,"and,in",the,0.777454087815792,0.08339812548594114,0.25314515549879957
483,"it,in",to,0.5458511620102358,0.016265121988414913,0.2529239650562586
484,"a,in,of,the",and,0.5236802222783531,0.02073265549491621,0.2522331864255842
485,"that,and,a",the,0.7760353227771011,0.012742595569466771,0.2517263904601087
486,"as,the",and,0.5230918141592921,0.028372712795345964,0.25164477830652315
487,"have,and,to,be",the,0.7758431085043989,0.01058257936934527,0.2515341761874065
488,"from,of,the",and,0.5227421109902067,0.012010090075675568,0.2512950751374378
489,"which,to",the,0.7754854368932039,0.0159751198133986,0.25117650457621155
490,"have,in,be",the,0.7752774032977289,0.01869014017605132,0.2509684709807365
491,"a,the",of,0.556286286800596,0.08120310902331768,0.250738995195909
492,"have,in,the",of,0.5562465559316697,0.017665132488493662,0.2506992643269827
493,"his,the",of,0.555815768930523,0.01246009345070088,0.25026847732583596
494,"which,in",the,0.7744261051033959,0.02041015307614807,0.25011717278640355
495,"have,and,in",of,0.5552400938155784,0.011245084338132537,0.24969280221089135
496,"for,a,of",and,0.5209866976624048,0.010085075638067285,0.24953966180963588
497,some,be,0.8100583999546408,0.03571776788325912,0.2492916942043477
498,"as,to,be",the,0.7734286789612345,0.01541261559461696,0.24911974664424208
499,"for,and,to",the,0.772624584717608,0.0145351090133176,0.2483156524006156
500,"and,to,in,be",of,0.5535355380961081,0.015147613607102053,0.2479882464914211
501,"for,and,the",of,0.5532720389399676,0.017902634269757023,0.24772474733528055
502,"have,a,of",and,0.5190385530699667,0.01090508178811341,0.2475915172171978
503,"and,to,in",of,0.553047011027278,0.023822678670090025,0.24749971942259102
504,"a,the,be",of,0.5529036305610867,0.05067538006535049,0.2473563389563997
505,"with,and,be",the,0.7715176216734596,0.01609012067590507,0.24720868935646723
506,"which,and",of,0.5524370379651673,0.01102258266937002,0.24688974636048028
507,"that,and,be",of,0.5520721073772901,0.014087605657042427,0.24652481577260305
508,"a,of",the,0.7707329805661676,0.08120310902331768,0.2464240482491752
509,"it,do",to,0.5387297633872976,0.010815081113108348,0.24580256643332044
510,"from,and,the",to,0.5386716325263812,0.010847581356860177,0.245744435572404
511,"have,of,the",and,0.5169480081026333,0.019140143551076634,0.2455009722498644
512,its,and,0.5164556962025316,0.010710080325602443,0.2450086603497627
513,"as,have",the,0.769162683660825,0.01086258146936102,0.24485375134383258
514,"it,and,the",to,0.537673372485318,0.010757580681855113,0.24474617553134081
515,"and,a,in",the,0.7688766114180479,0.03131273484551134,0.24456767910105548
516,"have,to,the,be",and,0.5157792128670647,0.01058257936934527,0.24433217701429583
517,"with,to,the",of,0.5498182595680992,0.012857596431973239,0.24427096796341213
518,"that,and",of,0.549538764875713,0.019510146326097447,0.24399147327102594
519,"for,to,in",the,0.7682570593963,0.013807603557026678,0.24394812707930758
520,"'s,to,be",the,0.7681584739545121,0.013087598156986178,0.2438495416375197
521,"and,a,to,of,the",in,0.5477260708619778,0.010357577681832614,0.24384129172613428
522,"on,in,the",and,0.5152209492635025,0.011805088538164036,0.24377391341073357
523,"as,for",the,0.7680392897619948,0.010165076238071785,0.24373035744500238
524,its,of,0.5487643158529234,0.01138008535064013,0.24321702424823638
525,"that,of,the",and,0.5144270403957131,0.017160128700965258,0.24298000454294416
526,"as,to",the,0.7672330875280539,0.023930179476346073,0.24292415521106148
527,"a,to,of,be",and,0.5140793563722801,0.01405760543204074,0.24263232051951117
528,"for,of,the,be",and,0.514054467898939,0.011750088125660942,0.24260743204617014
529,"by,to",of,0.5480008329862557,0.013157598681990115,0.24245354138156866
530,"for,of,the",and,0.5136647299332903,0.017902634269757023,0.24221769408052135
531,"for,and,the,be",of,0.547657888604055,0.011750088125660942,0.24211059699936793
532,"have,a,be",to,0.5348496680983991,0.01369760273202049,0.2419224711444219
533,"it,and,be",to,0.5347230219970056,0.011607587056902928,0.24179582504302843
534,"that,of,the,be",and,0.5129204265791633,0.012505093788203412,0.24147339072639434
535,"their,the",to,0.5341998162006039,0.010172576294322208,0.24127261924662669
536,"have,in,be",and,0.5124961111687234,0.012355092663194974,0.2410490753159545
537,"and,a,to,be",of,0.546505977257265,0.01405760543204074,0.240958685652578
538,"with,the,be",of,0.5463844519631758,0.017360130200976508,0.24083716035848873
539,by,the,0.765132983886624,0.049265369490271174,0.2408240515696316
540,"as,to,be",and,0.5119809308744198,0.010202576519323894,0.24053389502165085
541,"one,be",of,0.5459632294164668,0.010245076838076286,0.24041593781177978
542,"to,of,the,be",and,0.5115487828253785,0.026687700157751182,0.2401017469726096
543,"use,the",of,0.5454651843183148,0.011652587394405459,0.2399178927136278
544,"with,the",of,0.5448317086628656,0.02962272217041628,0.23928441705817854
545,"as,to",and,0.5106604680987497,0.01592761945714593,0.23921343224598074
546,"have,and,the,be",to,0.5315835740298882,0.01058257936934527,0.23865637707591103
547,"and,the",of,0.5437984857154263,0.10216826626199696,0.2382511941107393
548,also,and,0.509346872836372,0.011035082763120723,0.23789983698360312
549,"and,a,to",of,0.5434133598706307,0.02184266381997865,0.23786606826594364
550,"a,in,of,be",and,0.5092513277368511,0.014862611469586022,0.2378042918840822
551,"a,to,of",and,0.5091788565767236,0.02184266381997865,0.23773182072395466
552,"time,be",the,0.761896782841823,0.011367585256889426,0.23758785052483067
553,"have,in,the",and,0.508856175706526,0.016160121200909008,0.23740913985375706
554,"as,to,be",a,0.5162463931752603,0.010287577156828676,0.23716930009706222
555,"that,to,be",the,0.7611106102947804,0.021107658307437306,0.23680167797778806
556,"to,of,the",and,0.5080758742620839,0.042387817908634315,0.23662883840931498
557,"it,of,be",to,0.5295141046352678,0.010652579894349208,0.23658690768129065
558,"with,in",the,0.7605601816805451,0.02511768838266287,0.23625124936355268
559,"a,to,the",of,0.541690693114981,0.03522776420823156,0.23614340151029395
560,"that,in,the,be",and,0.5073454913880446,0.010015075113063349,0.23589845553527572
561,"a,to,in,the",and,0.5072640207775343,0.015625117188378914,0.23581698492476538
562,"a,to,in,the,be",and,0.5072211155378487,0.01018507638807291,0.23577407968507974
563,"it,the,be",to,0.528686687584043,0.01769263269474521,0.23575949063006585
564,"that,in,the",and,0.5070853014726313,0.013687602657019928,0.2356382656198624
565,"by,the,be",and,0.5070798276215883,0.01853263899479246,0.2356327917688194
566,"for,and,in",of,0.5409857497712119,0.01034507758808191,0.23543845816652492
567,"it,in,the",to,0.5283636840036683,0.010082575619317144,0.2354364870496911
568,"that,a,to",the,0.7596790088694918,0.013490101175758818,0.23537007655249942
569,its,the,0.7593731163351417,0.015747618107135805,0.23506418401814932
570,"from,to,be",the,0.7593528816986855,0.013142598569489272,0.23504394938169315
571,"which,for",be,0.7957836846929423,0.010852581394360458,0.23501697894264917
572,"with,the,be",and,0.506412778346054,0.01609012067590507,0.2349657424932851
573,"as,a",of,0.5405058781617386,0.01896514223856679,0.23495858655705154
574,"by,the",and,0.5062417537805745,0.024940187051402884,0.23479471792780554
575,"some,of",be,0.7955501288834622,0.014660109950824632,0.23478342313316913
576,"that,the,be",of,0.5402770083102493,0.024380182851371387,0.23472971670556225
577,"his,the",to,0.5276012044161927,0.011827588706915302,0.23467400746221556
578,include,the,0.7583050847457627,0.01118508388812916,0.23399615242877037
579,"that,the",of,0.5394598528341554,0.033357750183126374,0.2339125612294684
580,"it,what",to,0.5265573770491804,0.010037575281814613,0.2336301800952032
581,"that,a,the",to,0.5265417642466823,0.013490101175758818,0.23361456729270513
582,"which,of,the",in,0.5374919614147909,0.010447578356837676,0.23360718227894745
583,"from,of",and,0.5048388612233393,0.013432600744505583,0.2333918253705704
584,"and,to,be",the,0.7575843838958927,0.04657284929636972,0.23327545157890028
585,"have,and,to",the,0.7575827470879944,0.016422623169673772,0.23327381477100206
586,"that,for",the,0.7572058324855884,0.011165083738128035,0.232896900168596
587,"an,and",of,0.5382555470543229,0.010552579144343583,0.23270825544963586
588,"a,in,of",and,0.5040207385461856,0.023817678632589743,0.23257370269341665
589,"but,the",to,0.5254901960784314,0.011390085425640692,0.23256299912445422
590,"as,to,be",of,0.5380755237736796,0.010722580419353145,0.2325282321689926
591,"'s,of,the",and,0.5039005572224603,0.0146951102133266,0.23245352136969138
592,"his,the",and,0.5035128805620609,0.011287584656884926,0.23206584470929198
593,state,and,0.5032407973584444,0.010287577156828676,0.2317937615056755
594,"and,the,be",of,0.5367592612181861,0.06342797570981783,0.23121196961349905
595,"'s,for",the,0.7553969996341017,0.010322577419330644,0.2310880673171093
596,"it,and,the",of,0.5362988879170311,0.010730080475603566,0.23075159631234404
597,"at,to",the,0.7542480344915039,0.014870111525836444,0.22993910217451152
598,"with,in",and,0.5012869038607116,0.016555124163431224,0.2298398680079427
599,"what,in",be,0.7905967925685742,0.04510783830878731,0.2298300868182811
600,"have,and,a",of,0.5353460972017673,0.01090508178811341,0.22979880559708027
601,"with,the",and,0.5011495309913555,0.027247704357782683,0.2297024951385866
602,"as,a,to",the,0.7536992840095466,0.011842588819416145,0.22939035169255417
603,"that,and,the,be",to,0.5222291021671827,0.01054257906934302,0.22930190521320548
604,"that,to",the,0.7534129692832765,0.028697715232864247,0.22910403696628412
605,"a,to,the,be",of,0.5341372583791453,0.022590169426270696,0.22858996677445825
606,"at,the",of,0.533874315908662,0.021217659132443493,0.22832702430397495
607,"and,a,of,the,be",in,0.5317541351848071,0.01302009765073238,0.22786935604896358
608,"that,have,be",the,0.7515828057314229,0.011277584581884364,0.2272738734144305
609,"'s,to",the,0.7511029116868533,0.023410175576316822,0.2267939793698609
610,"with,a,in",the,0.7510184129053283,0.011522586419398146,0.22670948058833595
611,"it,the",to,0.5196243417838337,0.023930179476346073,0.22669714482985648
612,"have,to,the,be",of,0.5316193493359327,0.010907581806863551,0.22607205773124567
613,"at,and",of,0.5315033588139912,0.011472586044395333,0.22595606720930422
614,"at,in",of,0.5314873805439844,0.010845081338110036,0.22594008893929735
615,"for,and,be",the,0.7501092561839,0.021455160913706854,0.22580032386690763
616,"to,in,the",of,0.5312468416265202,0.039422795670967535,0.22569955002183323
617,"and,a,to,be",the,0.7496355330935951,0.01928264461983465,0.22532660077660271
618,"that,and,of",to,0.5181957970271656,0.010110075825568691,0.22526860007318839
619,"it,of,the",to,0.5181901911121345,0.011252584394382958,0.22526299415815731
620,"'s,and",of,0.5308007388964742,0.0165226239196794,0.22525344729178715
621,"for,and,a",of,0.5305800341970275,0.010085075638067285,0.22503274259234046
622,"as,to",of,0.5304584802821417,0.016545124088430663,0.2249111886774547
623,"as,to",a,0.503767233087528,0.015712617844633833,0.2246901400093299
624,"from,to,the",of,0.5302166476624858,0.011625087188153912,0.22466935605779875
625,"as,be",of,0.5301385874102521,0.023812678595089464,0.22459129580556508
626,"have,a,the",to,0.5174103237095363,0.014785110888331662,0.22448312675555915
627,"to,in,be",the,0.7486884146581989,0.04745035587766908,0.22437948234120653
628,"he,the",to,0.5172890733056709,0.011220084150631129,0.2243618763516937
629,"with,and",the,0.7486605302926226,0.027247704357782683,0.2243515979756302
630,"at,the,be",of,0.5298910275995519,0.013007597556981677,0.22434373599486485
631,"and,a,to,the,be",in,0.5281991443018281,0.01018507638807291,0.22431436516598463
632,"have,and,be",the,0.7485429592028576,0.019907649307369806,0.22423402688586525
633,"and,a,be",of,0.5292222524730011,0.029157718682890122,0.22367496086831412
634,"with,and,a",the,0.7479338842975206,0.01221759163193724,0.22362495198052823
635,"what,of",the,0.7479312299263178,0.04948537114028355,0.2236222976093254
636,"with,and,be",of,0.529129705106689,0.011035082763120723,0.22358241350200198
637,"on,to,be",the,0.7478798158468621,0.015432615744618084,0.22357088352986976
638,"and,a,in,the,be",to,0.5164807302231237,0.01018507638807291,0.2235535332691465
639,"from,the,be",to,0.5164047151277014,0.013142598569489272,0.2234775181737242
640,"from,the,be",of,0.5285854616895874,0.013452600894506709,0.2230381700849004
641,"and,a,of,the",in,0.5267738042304516,0.02073265549491621,0.22288902509460812
642,"and,to",the,0.7467045683236063,0.0742080565604242,0.22239563600661394
643,"and,a,to,of",in,0.5262675975735378,0.0114950862131466,0.2223828184376943
644,"for,in,be",the,0.7466536870284741,0.023010172576294324,0.22234475471148174
645,"and,in,be",of,0.5278825837609418,0.0349777623332175,0.22233529215625475
646,"from,a",to,0.5147965474722564,0.012525093938204536,0.22186935051827927
647,"and,a,to",the,0.7460505037940043,0.02998772490793681,0.2217415714770119
648,"that,in,be",of,0.5268599229677681,0.012995097463230975,0.22131263136308105
649,"from,and",to,0.5139843220749056,0.013277599581996865,0.22105712512092845
650,"that,in",of,0.5258436879641203,0.017880134101005758,0.22029639635943327
651,"that,and,the",to,0.5129177958446252,0.014195106463298475,0.21999059889064798
652,"have,and,be",to,0.5128783605940966,0.013640102300767256,0.21995116364011946
653,"it,and",to,0.5128331688055281,0.015585116888376663,0.21990597185155092
654,"but,be",to,0.5122827346465817,0.011052582894371707,0.21935553769260452
655,"or,the,be",of,0.5248304263565892,0.010832581244359332,0.21928313475190214
656,"from,in",to,0.5120423371854412,0.011852588894416708,0.21911514023146406
657,"which,in,the",be,0.7793973542381186,0.015907619307144804,0.21863064848782554
658,"that,a,be",of,0.5240003817158125,0.013727602957022177,0.21845309011112551
659,"his,in",the,0.7425889328063241,0.011272584544384083,0.21828000048933172
660,way,be,0.7788446151384222,0.012167591256934427,0.2180779093881291
661,"as,be",the,0.7423053375633105,0.03334275007062553,0.21799640524631814
662,"and,a",of,0.5232779293806334,0.04746035595266965,0.21773063777594642
663,"some,to",be,0.7781007751937985,0.010037575281814613,0.21733406944350542
664,"this,in",the,0.7414918003879386,0.010512578844341333,0.21718286807094622
665,"and,a,to,the",in,0.5210504376823677,0.015625117188378914,0.2171656585465242
666,good,be,0.7778717236381205,0.016100120750905632,0.21710501788782743
667,"have,in",the,0.7411750977303226,0.03175773818303637,0.21686616541333026
668,"it,of",to,0.5097915918074021,0.014187606407048053,0.2168643948534249
669,"and,in",of,0.5220704763680433,0.05600292002190017,0.21652318476335625
670,"have,of,the,be",to,0.5093392481905207,0.010907581806863551,0.2164120512365435
671,"to,in",the,0.7402613596688115,0.0742080565604242,0.21595242735181908
672,"at,be",the,0.7398282097649186,0.024547684107630807,0.2155192774479262
673,"what,a,in",be,0.7761719473781731,0.010472578544339082,0.21540524162788
674,"it,to,in",be,0.7760528742699047,0.012622594669460021,0.21528616851961158
675,"an,and",the,0.7394797245600612,0.01449760873206549,0.2151707922430688
676,"and,to,of,the,be",in,0.5189695550351288,0.013850103875779068,0.21508477589928526
677,"from,the",of,0.5203850509626274,0.022975172313792352,0.21483775935794042
678,"have,to,the",of,0.5203185471866627,0.017477631082233117,0.21477125558197568
679,"to,in,the,be",of,0.5200737618545838,0.02467768508263812,0.21452647024989674
680,"from,and",of,0.5199845156295364,0.013432600744505583,0.21443722402484938
681,"which,and",in,0.5181055005638391,0.01033757753183149,0.2142207214279956
682,"a,to,in,be",the,0.7385068039720486,0.02008015060112951,0.21419787165505622
683,"what,to,in",be,0.7749571717800966,0.012440093300699756,0.21419046602980352
684,over,the,0.7384536435169347,0.010792580944357083,0.21414471119994227
685,"or,the",of,0.519285594499413,0.015482616119620898,0.213738302894726
686,"on,a,to",the,0.7379981173517415,0.011760088200661505,0.2136891850347491
687,"which,the",be,0.773965271170314,0.03253774403308025,0.2131985654200209
688,"from,of,the",to,0.5059847660500544,0.011625087188153912,0.2130575690960772
689,"with,and",of,0.5184778128863855,0.018870141526061444,0.21293052128169848
690,"which,of",in,0.5165321242950348,0.011677587581906864,0.21264734515919131
691,"as,of,the,be",in,0.5162813218738651,0.01066257996934977,0.2123965427380216
692,"your,what",be,0.7730898776812621,0.01090258176936327,0.21232317193096906
693,"'s,a,be",the,0.7366262177405571,0.010775080813106097,0.21231728542356476
694,"on,and,be",of,0.5178234034513163,0.010277577081828113,0.21227611184662926
695,"a,to,of,the",in,0.5159321552764176,0.018175136313522352,0.21204737614057406
696,"'s,the",of,0.5170197677510859,0.029162718720390404,0.2114724761463989
697,"'s,to,the",of,0.5169799231097821,0.01210259076943077,0.21143263150509511
698,all,of,0.5168373010978167,0.010475078563089223,0.21129000949312965
699,"a,to,of,the,be",in,0.5150509074811863,0.011635087263154474,0.21116612834534282
700,"and,to,of,the",in,0.5145384842229431,0.02181016357622682,0.21065370508709963
701,"have,in,be",to,0.5033703204396972,0.0121350910131826,0.21044312348572003
702,two,the,0.7347210657785179,0.011030082725620442,0.21041213346152554
703,what,be,0.770812889271624,0.1924464433483251,0.21004618352133086
704,"for,and,a",the,0.7339208207286597,0.013950104625784693,0.20961188841166734
705,"for,and",the,0.7334391114637049,0.03235774268307012,0.2091301791467125
706,"that,and,be",to,0.5018124816302537,0.012805096038220286,0.20888528467627654
707,"that,a",of,0.5139331480100345,0.018950142126065946,0.2083858564053475
708,"his,and",the,0.732241323386312,0.011287584656884926,0.2079323910693196
709,"a,to,in",the,0.7319116074610906,0.030802731020482654,0.20760267514409825
710,"have,and,a",to,0.5001227295041728,0.010187576406823051,0.20719553255019563
711,"on,to",the,0.7314178186292248,0.025265189488921168,0.20710888631223245
712,"it,what",be,0.7678688524590164,0.014637609782073365,0.2071021467087233
713,"from,a,be",the,0.7308593046297964,0.01014257606932052,0.20655037231280404
714,"which,in,the",of,0.5118814306712396,0.010447578356837676,0.20633413906655257
715,"as,a,be",the,0.7303490857278556,0.01537761533211499,0.20604015341086324
716,"that,have",the,0.7303020171625989,0.016382622869671522,0.20599308484560652
717,"but,the",of,0.5115340253748558,0.011087583156873677,0.2059867337701688
718,"by,be",of,0.5114172384219554,0.023852678895091715,0.2058699468172684
719,"and,a,of,be",in,0.5097316299408385,0.014862611469586022,0.20584685080499504
720,"as,and,of",in,0.508977819504753,0.010842581319359895,0.20509304036890946
721,"on,to,the",of,0.5100930140510588,0.012887596656974927,0.20454572244637176
722,as,of,0.5100141414805801,0.038770290777180826,0.2044668498758931
723,"on,a,be",the,0.7285677944543373,0.014320107400805505,0.2042588621373449
724,"his,to",the,0.7285186325839236,0.011827588706915302,0.2042097002669312
725,"have,a,in",the,0.7284528907922913,0.013607602057015427,0.20414395847529887
726,"have,and,be",of,0.5092122579432224,0.01354260156951177,0.20366496633853542
727,"as,and,the",in,0.507269362939466,0.014392607944559585,0.2033845838036225
728,"for,a,the",of,0.5081609566903684,0.015722617919634398,0.2026136650856814
729,"their,and",the,0.7266974516846246,0.01062257966934752,0.20238851936763225
730,"which,to,the",be,0.7630672926447575,0.012190091425685693,0.2023005868944644
731,"some,the",be,0.7626655742182166,0.013962604719535397,0.2018988684679235
732,"have,and,the,be",in,0.5054627652894638,0.010062575469316019,0.20157798615362027
733,"and,be",the,0.7257108640913836,0.11816838626289697,0.20140193177439125
734,"have,the,be",of,0.5068639053254438,0.021415160613704604,0.20131661372075677
735,"with,in",of,0.5063588190764572,0.016722625419690648,0.20081152747177017
736,"'s,in",of,0.5059343537693378,0.01545261589461921,0.2003870621646508
737,"from,in",of,0.5053461496921914,0.01169758773190799,0.19979885808750436
738,"on,in",of,0.5053037608486017,0.01441010807581057,0.1997564692439147
739,"with,and,the",in,0.5029819249472429,0.013705102788270912,0.19909714581139942
740,"his,the",in,0.5028437604550017,0.011272584544384083,0.19895898131915818
741,"have,in,be",of,0.5044073421134502,0.012160091200684005,0.19886005050876315
742,"for,and,of",in,0.5027335682177135,0.01034507758808191,0.19884878908187004
743,"from,to",the,0.7231200527704486,0.02192516443873329,0.19881112045345617
744,"by,and,the",in,0.5024057738572574,0.012530093975704818,0.19852099472141388
745,also,the,0.7225940456958228,0.0156551174133806,0.19828511337883037
746,"as,and,be",in,0.5019148195427643,0.010812581094358207,0.1980300404069208
747,"and,a,of",in,0.5018436578171092,0.023817678632589743,0.19795887868126566
748,"with,a,be",of,0.5034912718204488,0.010095075713067848,0.19794398021576182
749,by,of,0.5033973985633857,0.03241274309557322,0.1978501069586987
750,"have,and,to",of,0.5028255103217621,0.01090008175061313,0.19727821871707513
751,"it,for",be,0.7579666160849773,0.012487593656952426,0.1971999103346842
752,"as,of,the",in,0.5010532651218779,0.01665012487593657,0.19716848598603437
753,"which,in",be,0.7577309808385505,0.01997014977612332,0.19696427508825742
754,"not,the",of,0.5022744102401354,0.011870089025667692,0.1967271186354484
755,"on,the,be",of,0.5022352705678255,0.018817641132308494,0.19668797896313844
756,"and,to,of,be",in,0.500495622005617,0.015147613607102053,0.19661084286977354
757,"which,be",the,0.7208928769247812,0.03253774403308025,0.19658394460778883
758,"what,and,be",the,0.7205228926524567,0.027972709795323465,0.19621396033546434
759,"on,have",the,0.7200751056172743,0.011505086288147162,0.1957661733002819
760,"on,and",of,0.5008036236119229,0.01713762853221399,0.19525633200723586
761,"between,and,the",be,0.7550071068613516,0.014607609557071678,0.19424040111105856
762,"in,be",the,0.718349830414619,0.1297259729447971,0.1940408980976266
763,"and,a,be",the,0.7180324893366005,0.039560296702225266,0.19372355701960808
764,"it,a,to",be,0.7542977429540405,0.01612512093840704,0.19353103720374742
765,"most,the",be,0.7542463986239518,0.017540131550986632,0.19347969287365874
766,"with,to,be",the,0.7175925925925926,0.01433760753205649,0.19328366027560018
767,"but,to",the,0.7173673437253976,0.011390085425640692,0.19305841140840518
768,"for,a,in",the,0.7170913610938471,0.014422608169561271,0.1927824287768547
769,"on,be",the,0.7159508909377538,0.03746778100835756,0.1916419586207614
770,"for,in",the,0.7153483891683613,0.033417750633129746,0.19103945685136892
771,"not,and",the,0.7144607843137255,0.010202576519323894,0.19015185199673312
772,"it,to,of",be,0.7508370044052863,0.010652579894349208,0.19007029865499325
773,"from,be",the,0.713734838393045,0.025450190876431574,0.18942590607605259
774,as,the,0.7135199131778867,0.05424040680305102,0.18921098086089427
775,"that,for",be,0.7497456765005086,0.011055082913121848,0.18897897075021552
776,"by,in,the",be,0.7493603292913561,0.016840126300947257,0.18859362354106302
777,"at,a",the,0.7122310436083304,0.015475116063370476,0.18792211129133807
778,"by,and,in",be,0.7485734664764622,0.010495078713090349,0.1878067607261691
779,"between,the",be,0.7481015662078785,0.015762618219636648,0.1873348604575854
780,"that,a,be",the,0.7103731272067946,0.01861013957604682,0.1860641948898022
781,"'s,be",the,0.7103226574592213,0.02983022372667795,0.18601372514222891
782,"this,and",the,0.7098305084745763,0.010470078525588941,0.1855215761575839
783,"it,to",be,0.7460262269024439,0.037547781608362064,0.18525952115215083
784,"have,to,be",the,0.709457123098202,0.02051765388240412,0.1851481907812096
785,"which,to",be,0.745873786407767,0.015365115238364287,0.18510708065747394
786,"after,be",the,0.7093206951026856,0.011225084188131411,0.1850117627856932
787,"by,in",be,0.7455864109170722,0.01953264649484871,0.18481970516677915
788,"have,and",the,0.708859405093088,0.03312524843936329,0.1845504727760956
789,"he,to",the,0.7085569940006315,0.011220084150631129,0.18424806168363916
790,"with,a,to",the,0.7084788821848206,0.011155083663127473,0.1841699498678282
791,"by,in,of",be,0.7449180327868853,0.011360085200639004,0.1841513270365922
792,"it,and,to",be,0.7447866538338146,0.011607587056902928,0.1840199480835215
793,"by,in,of,the",be,0.7438874230430959,0.010572579294344707,0.18312071729280277
794,"which,a",the,0.7074277854195323,0.012857596431973239,0.18311885310253995
795,"it,in,the",be,0.743613258220883,0.014190106425798193,0.1828465524705899
796,"with,to",the,0.7070294784580499,0.023385175388815415,0.18272054614105748
797,time,the,0.7066826730692277,0.017660132450993384,0.18237374075223534
798,"by,and,the",be,0.7430834001603849,0.01853263899479246,0.1823166944100918
799,"that,and,to,the",be,0.7426910884114125,0.01054257906934302,0.18192438266111943
800,"what,a",be,0.7422680412371134,0.037080278102085765,0.18150133548682035
801,"that,to,of,the",be,0.7419404359840344,0.012082590619429645,0.18117373023374128
802,"by,the",be,0.7418552725058358,0.036547774108305814,0.18108856675554275
803,"this,to",the,0.7053266004235218,0.01082508118810891,0.18101766810652942
804,"what,a,to",be,0.7416555407209613,0.013887604157031178,0.1808888349706682
805,"it,in",be,0.7415890594848561,0.022097665732492992,0.180822353734563
806,which,be,0.7409809152472809,0.04513533851503886,0.18021420949698785
807,"by,and",be,0.7408971867871927,0.02192516443873329,0.18013048103689966
808,"one,be",the,0.7042366107114308,0.01321509911324335,0.17992767839443846
809,"their,to",the,0.7041010555459422,0.010172576294322208,0.17979212322894977
810,"'s,a",the,0.7037139434153534,0.01909014317607382,0.17940501109836104
811,"it,to,the",be,0.7393439197659841,0.01769263269474521,0.17857721401569104
812,"by,and,of",be,0.7393034825870647,0.013002597519481397,0.1785367768367716
813,"a,in,be",the,0.7027853403141361,0.041947814608609565,0.1784764079971437
814,"by,a,the",be,0.7391767683495404,0.013872604044530334,0.1784100625992473
815,"what,in,be",the,0.7025439228509671,0.03169023767678258,0.17823499053397474
816,"that,to,of",be,0.7389894623074844,0.013675102563269224,0.17822275655719133
817,at,the,0.7022573662587799,0.03974279807098553,0.1779484339417875
818,such,the,0.7022052439659663,0.010110075825568691,0.1778963116489739
819,"by,of,the",be,0.738115742335515,0.021427660707455307,0.17734903658522194
820,"which,of,the",be,0.7380064308681672,0.014345107588306913,0.17723972511787411
821,"which,and,the",be,0.7364832725543048,0.011612587094403208,0.1757165668040117
822,"that,be",the,0.7000193911188676,0.0451253384400383,0.1757104588018752
823,"by,and,of,the",be,0.7363720357252849,0.011955089663172474,0.1756053299749918
824,"by,a,of",be,0.736277489719292,0.010295077213079097,0.17551078396899888
825,"by,of",be,0.7359043578866178,0.023852678895091715,0.1751376521363247
826,"or,and",the,0.6991934208445358,0.011052582894371707,0.17488448852754346
827,"that,to,the",be,0.7355170311002701,0.021107658307437306,0.17475032534997703
828,"as,a",the,0.6980406127538297,0.024492683695127714,0.1737316804368373
829,"that,and,to",be,0.7344422139374821,0.012805096038220286,0.17367550818718902
830,"not,of",be,0.7341772151898734,0.01058507938809541,0.17341050943958036
831,most,be,0.7336427336427337,0.020155151163633728,0.1728760278924406
832,"that,to,in",be,0.7335557673975215,0.011542586569399271,0.1727890616472284
833,"say,be",the,0.6967982335081424,0.012622594669460021,0.17248930119115002
834,"that,a,of,the",be,0.7331536388140162,0.011560086700650255,0.1723869330637231
835,"but,be",the,0.6965237543453071,0.015027612707095303,0.17221482202831473
836,"it,a,the",be,0.732590921905836,0.012992597444480834,0.17182421615554289
837,"it,of,the",be,0.7325581395348837,0.015907619307144804,0.1717914337845906
838,"who,of",be,0.7324585383634045,0.010047575356815176,0.17169183261311138
839,"on,what",be,0.732313260941099,0.011127583456875926,0.17154655519080597
840,"some,of",the,0.6954280287613621,0.01281509611322085,0.17111909644436973
841,"what,to",be,0.7318780727630285,0.04652034890261677,0.17111136701273544
842,"that,and,in,the",be,0.731689497716895,0.010015075113063349,0.17092279196660187
843,"that,in,of,the",be,0.7316193760777552,0.011667587506906302,0.1708526703274621
844,"that,in,the",be,0.7313142539594332,0.019740148051110382,0.1705475482091401
845,"that,a",the,0.6948267679164689,0.025620192151441137,0.17051783559947653
846,"between,and",be,0.7312684044061512,0.0167626257196929,0.17050169865585807
847,"and,a",the,0.6947269770390584,0.06301047257854434,0.170418044722066
848,"that,of,the",be,0.7308701191636063,0.024380182851371387,0.17010341341331325
849,"an,in",the,0.6935448336638026,0.01574011805088538,0.1692359013468102
850,"that,the",be,0.7297646963693701,0.0451253384400383,0.16899799061907705
851,"that,and,the",be,0.7294489611562782,0.020187651407385557,0.16868225540598514
852,"that,a,to",be,0.7294101084048994,0.012952597144478583,0.1686434026546063
853,"by,to,the",be,0.7289247854618879,0.014440108300812255,0.1681580797115948
854,"that,and,of,the",be,0.7287296037296037,0.012505093788203412,0.16796289797931063
855,and,the,0.6921383705723074,0.18787890909181817,0.16782943825531504
856,"have,for",the,0.6920142421159715,0.013605102038265288,0.16770530979897913
857,"that,to",be,0.7280782357574166,0.027732707995309965,0.1673115300071235
858,"who,the",be,0.7277019398542544,0.017725132938497038,0.16693523410396127
859,"not,and",be,0.7274159663865546,0.0103875779068343,0.1666492606362615
860,"which,of",be,0.7274134689815327,0.016445123338425037,0.16664676323123961
861,"have,be",the,0.6909522057320414,0.04225031687737658,0.16664327341504903
862,"which,and",be,0.7273524620974815,0.014512608844566335,0.16658575634718842
863,"which,a",be,0.7270976616231086,0.01321509911324335,0.16633095587281554
864,"not,to",be,0.7268807612250966,0.01222259166943752,0.1661140554748035
865,"that,in,of",be,0.7267897091722595,0.012995097463230975,0.1660230034219664
866,"it,and,to",the,0.6902470324029516,0.010757580681855113,0.16593810008595922
867,"it,the",be,0.7266706476304218,0.03346525098938242,0.1659039418801287
868,which,the,0.6901703262877078,0.04204031530236477,0.16586139397071542
869,all,the,0.6901443197236956,0.013987604907036802,0.16583538740670323
870,"have,and,a",the,0.6899852724594993,0.0140551054132906,0.16567634014250687
871,"that,a,the",be,0.7263856362217018,0.01861013957604682,0.16561893047140874
872,"by,a",be,0.7262796504369539,0.01745263089473171,0.16551294468666078
873,"that,and,in",be,0.7262088081305821,0.011790088425663193,0.165442102380289
874,"not,a",be,0.7257637294720113,0.010275077063077974,0.1649970237217182
875,"it,and,the",be,0.7254779457703361,0.014515108863316474,0.164711240020043
876,"that,in",be,0.7253878391294758,0.024665184988887416,0.16462113337918272
877,"his,be",the,0.6886600928074246,0.011872589044417833,0.1643511604904322
878,"by,to",be,0.7251145356101625,0.01741013057597932,0.1643478298598694
879,"with,a,be",the,0.6882793017456359,0.013800103500776257,0.16397036942864351
880,"that,of",be,0.7245550699854328,0.028600214501608764,0.16378836423513976
881,"that,a,of",be,0.7244063324538259,0.013727602957022177,0.16363962670353283
882,by,be,0.724364201125995,0.04664034980262352,0.1635974953757019
883,that,the,0.6878197997775306,0.061835463765978246,0.16351086746053822
884,'s,the,0.6874466788543571,0.0564054230406728,0.16313774653736468
885,"it,of",be,0.7228710025152713,0.020117650882381617,0.16210429676497817
886,"for,to,be",the,0.6863181312569522,0.021595161963714728,0.1620091989399598
887,"with,be",the,0.6861940499973004,0.031772738295537215,0.161885117680308
888,"that,and,of",be,0.7220656073808304,0.014087605657042427,0.16129890163053728
889,"who,in",be,0.7219374226621884,0.010210076575574318,0.16117071691189533
890,"not,the",be,0.7217814450439014,0.017057627932209492,0.16101473929360832
891,between,be,0.7216799763383615,0.018300137251029382,0.16091327058806837
892,"that,and,a",be,0.7190925700365408,0.011807588556914177,0.15832586428624773
893,"that,and",be,0.7187522005492571,0.02551769138268537,0.15798549479896407
894,"it,a",be,0.7180709378942941,0.025610192076440573,0.15730423214400102
895,"with,have",the,0.6806946182728411,0.010877581581861863,0.15638568595584867
896,that,be,0.7170467185761957,0.06446298347237604,0.15628001282590265
897,"that,it",the,0.680403068130546,0.011310084825636193,0.15609413581355358
898,"not,to",the,0.680344930121915,0.011440085800643505,0.1560359978049226
899,"who,be",the,0.6799654742495445,0.017725132938497038,0.15565654193255207
900,"have,to",the,0.6793750316023663,0.03359025192688945,0.15506609928537396
901,it,be,0.7150702987697716,0.06510048825366191,0.1543035930194785
902,"it,and",be,0.7142974662717999,0.021707662807471054,0.15353076052150683
903,"what,and",the,0.676960370994941,0.032115240864306484,0.15265143867794861
904,"from,a",the,0.6769420468557337,0.016470123525926444,0.1526331145387413
905,but,the,0.6753914465996729,0.02167516256371923,0.1510825142826805
906,"that,a",be,0.7104888467014713,0.02619769648272362,0.1497221409511782
907,"have,a,to",the,0.6730397177648799,0.014785110888331662,0.14873078544788754
908,"for,to",the,0.6723145608089935,0.031247734358007685,0.14800562849200116
909,"that,a,in",be,0.7086834733893558,0.011385085388140412,0.1479167676390627
910,"or,in",the,0.671967407018005,0.012782595869469022,0.14765847470101257
911,"this,be",the,0.6693663127941337,0.01529011467586007,0.14505738047714134
912,"for,a,to,be",the,0.6692192442150824,0.010050075375565317,0.14491031189809
913,"it,and,be",the,0.6686629045260855,0.014515108863316474,0.14435397220909307
914,"have,a,be",the,0.6684888715345568,0.017120128400963008,0.14417993921756445
915,"on,a",the,0.6675182985775445,0.024167681257609434,0.14320936626055214
916,in,the,0.6663019423625908,0.20247901859263945,0.1419930100455984
917,"for,what,be",the,0.6661438124329233,0.02017265129488471,0.14183488011593093
918,into,the,0.665932927618801,0.012857596431973239,0.14162399530180858
919,"for,a,to",the,0.6641405442645539,0.01446010845081338,0.13983161194756155
920,"or,of,the",be,0.6996609074761828,0.010832581244359332,0.13889420172588973
921,"a,in",the,0.6631020004939491,0.06712300342252567,0.1387930681769567
922,new,the,0.6630300303677876,0.01473761053207899,0.13872109805079524
923,other,the,0.6621384750219106,0.015110113325849944,0.1378295427049182
924,"but,to",be,0.6961108486852464,0.011052582894371707,0.13534414293495334
925,his,the,0.6591443693031461,0.022417668132510993,0.13483543698615374
926,"for,a,to,the",be,0.6950207468879668,0.010050075375565317,0.1342540411376737
927,"it,and",the,0.6583580125041132,0.02000765005737543,0.1340490801871208
928,"but,the",be,0.6933102652825837,0.015027612707095303,0.13254355953229058
929,"he,be",the,0.6563870967741936,0.012717595381965366,0.13207816445720122
930,"or,the",be,0.6922689921180614,0.02064015480116101,0.13150228636776828
931,"for,the",be,0.6919646786164814,0.05896794225956695,0.13119797286618828
932,"for,to,in",be,0.6918903880929197,0.012435093263199474,0.1311236823426266
933,"or,of",be,0.691668764158067,0.01374010305077288,0.1309020584077739
934,"for,to,the",be,0.6910952876230099,0.021595161963714728,0.1303285818727168
935,"or,to",be,0.690854751942618,0.014447608357062679,0.13008804619232495
936,say,the,0.6541992519551173,0.019240144301082257,0.12989031963812492
937,after,the,0.653924914675768,0.01916014370107776,0.12961598235877558
938,"for,a,to",be,0.6897462395223333,0.01501761263209474,0.1289795337720402
939,"for,in,the",be,0.6885613825091643,0.023010172576294324,0.12779467675887124
940,"that,have,the",be,0.6883869983213795,0.011277584581884364,0.12762029257108642
941,who,be,0.6873434410019776,0.02606769550771631,0.12657673525168456
942,not,be,0.6855531181447821,0.027345205089038167,0.12478641239448907
943,"for,be",the,0.6483507421660253,0.05896794225956695,0.1240418098490329
944,"to,be",the,0.646800387406482,0.11520086400648005,0.12249145508948966
945,from,the,0.6465312099578986,0.044150331127483455,0.12222227764090621
946,on,the,0.6462363677962224,0.06355297664732486,0.12192743547923002
947,he,the,0.6462088485029048,0.021690162676220072,0.12189991618591245
948,any,be,0.6826587352903143,0.013197598981992366,0.12189202954002121
949,"this,the",be,0.6819043371613335,0.01529011467586007,0.12113763141104039
950,"what,in",the,0.6441153273157479,0.0367502756270672,0.11980639499875556
951,"or,in",be,0.6802470758312524,0.01294009705072788,0.11948037008095935
952,"for,to,of,the",be,0.6797176945051252,0.010112575844318832,0.11895098875483212
953,who,the,0.6422544495715228,0.02435768268262012,0.1179455172545304
954,"their,be",the,0.6422346716464363,0.010317577381830364,0.11792573932944395
955,"it,in,be",the,0.6421540898291662,0.014190106425798193,0.11784515751217384
956,"if,the",be,0.6774055595153243,0.011880089100668255,0.11663885376503125
957,"for,to",be,0.6769942445269216,0.03146523598926992,0.1162275387766285
958,"it,in",the,0.6404060743350952,0.019082643119823398,0.11609714201810284
959,"for,and,in,the",be,0.676485027000491,0.010335077513081348,0.11571832125019788
960,"or,and",be,0.6762612683852601,0.010690080175601318,0.11549456263496705
961,"with,a",the,0.6396427582387151,0.023097673232549243,0.1153338259217227
962,"this,of",be,0.6758175817581759,0.01126258446938352,0.11505087600788277
963,"for,to,of",be,0.6757461605331788,0.01166008745065588,0.11497945478288574
964,"or,a",be,0.6755361853423558,0.014725110438328288,0.11476947959206274
965,"for,and,to",be,0.6752159468438538,0.01270259526946452,0.1144492410935607
966,"for,and,in",be,0.6728984180938685,0.012867596506973802,0.11213171234357544
967,but,be,0.6722754537664564,0.021575161813713602,0.11150874801616328
968,"india,in",be,0.6719802793755135,0.01022257666932502,0.11121357362522044
969,"it,have",be,0.6718350143007678,0.011157583681877614,0.11106830855047467
970,"this,to",be,0.6714448607265027,0.01030507728807966,0.11067815497620959
971,so,be,0.6713646835614582,0.01238509288819666,0.1105979778111651
972,"an,to",the,0.6347577744869897,0.015002612519593898,0.11044884216999729
973,"for,a,the",be,0.6710568842921784,0.0207626557199179,0.11029017854188528
974,"use,to",the,0.633901855176541,0.010592579444345832,0.10959292285954858
975,"one,the",be,0.6698770751489038,0.01321509911324335,0.10911036939861074
976,"use,the",be,0.6697483908718549,0.014307607307054803,0.10898168512156181
977,"what,to,in",the,0.6329232206821367,0.010160076200571504,0.10861428836514431
978,"they,be",the,0.6328817092235539,0.01214509108818316,0.10857277690656153
979,"when,the",be,0.6693257848687596,0.013005097538231536,0.10855907911846652
980,"a,to,be",the,0.6328133767253956,0.04229281719612897,0.10850444440840323
981,"that,have",be,0.6688955756157361,0.015005112538344037,0.10812886986544301
982,"use,be",the,0.6318171781850298,0.014307607307054803,0.10750824586803742
983,"what,to,be",the,0.6303740326741186,0.029325219939149542,0.10606510035712624
984,"for,a,be",the,0.627550249357715,0.0207626557199179,0.10324131704072259
985,"when,be",the,0.6274273308406706,0.013005097538231536,0.10311839852367821
986,with,the,0.6273582184272775,0.054370407778058336,0.10304928611028508
987,"for,in,of,the",be,0.6634011939384662,0.010835081263109473,0.10263448818817311
988,"for,and,the",be,0.6630611141157382,0.021455160913706854,0.10229440836544512
989,"for,a,in",be,0.6622747047855811,0.013320099900749255,0.10150799903528807
990,than,be,0.661339889366933,0.013450100875756568,0.10057318361663992
991,"can,of",the,0.6246541228555617,0.011287584656884926,0.10034519053856927
992,"not,be",the,0.6237886268056317,0.017057627932209492,0.09947969448863936
993,"'s,what",the,0.623714781679797,0.011677587581906864,0.09940584936280461
994,"for,in,of",be,0.6600240738264009,0.01233759253194399,0.09925736807610785
995,"one,of",be,0.6597971341168893,0.010245076838076286,0.09903042836659626
996,"for,in",be,0.659691747832602,0.030817731132983497,0.0989250420823089
997,out,the,0.6223692122669874,0.010350077625582191,0.098060279949995
998,"for,and,a",be,0.6585558332237275,0.012517593881954114,0.09778912747343438
999,"for,what",the,0.6214221046033847,0.022307667307504806,0.09711317228639227
1000,"do,of",the,0.621360784944507,0.019315144863586476,0.09705185262751459
1001,this,the,0.6204773434797648,0.022422668170011276,0.09616841116277242
1002,"it,to,in",the,0.6198893329234553,0.010082575619317144,0.09558040060646289
1003,"for,and,of,the",be,0.6563329143974306,0.011750088125660942,0.0955662086471375
1004,"say,the",be,0.6560550935550935,0.012622594669460021,0.09528838780480042
1005,"for,of,the",be,0.6558353059321426,0.022857671432535743,0.09506860018184948
1006,"as,a,to",be,0.654733492442323,0.010287577156828676,0.09396678669202996
1007,have,the,0.6175309509538475,0.07469556021670162,0.09322201863685509
1008,"for,and,of",be,0.6536265338355,0.013450100875756568,0.09285982808520687
1009,or,be,0.6524874762480567,0.03777278329587472,0.09172077049776362
1010,"for,a,of,the",be,0.6519319446652886,0.010250076875576566,0.0911652389149955
1011,"a,to,in,the",be,0.6518951383816248,0.02008015060112951,0.09112843263133175
1012,"and,a,to,in,the",be,0.65184,0.01018507638807291,0.0910732942497069
1013,"what,be",the,0.6152147366780119,0.11839588796915977,0.09090580436101947
1014,"and,a,to,in",be,0.6509323249445821,0.012480093600702005,0.090165619194289
1015,to,the,0.6142613296919006,0.17993384950387128,0.08995239737490823
1016,"a,to,the",be,0.6503286818129397,0.04229281719612897,0.0895619760626466
1017,"a,to",the,0.6138326490159989,0.06503298774740811,0.0895237166990065
1018,"an,be",the,0.6135810661358106,0.02080515603867029,0.08927213381881827
1019,one,the,0.6135126729902037,0.01972764795735968,0.08920374067321135
1020,"for,and",be,0.6483254944183148,0.028602714520358903,0.08755878866802169
1021,"as,to,of",be,0.6480809912360229,0.010722580419353145,0.08731428548572984
1022,their,the,0.6103365384615385,0.019042642819821147,0.08602760614454608
1023,"for,a,of",be,0.6467777347281416,0.012520093900704255,0.08601102897784851
1024,they,the,0.6102663126558854,0.01896264221981665,0.085957380338893
1025,know,be,0.6462567532801646,0.012560094200706506,0.08549004752987155
1026,"a,to,in",be,0.6460734228347392,0.02719020392652945,0.08530671708444615
1027,"for,of",be,0.6458296335760374,0.02727520456403423,0.08506292782574432
1028,"or,to",the,0.6089659294680215,0.01273509551321635,0.08465699715102915
1029,"have,and,to,the",be,0.6443903181610595,0.01058257936934527,0.08362361241076643
1030,"as,to,the",be,0.6440660259089009,0.01541261559461696,0.08329932015860786
1031,"time,the",be,0.6436862967157417,0.011367585256889426,0.08291959096544865
1032,"and,a,to,of",be,0.6435847544923887,0.01405760543204074,0.08281804874209564
1033,"and,a,to,the",be,0.6430179241350563,0.01928264461983465,0.08225121838476324
1034,"and,a,to,of,the",be,0.6427815970386039,0.012155091163183723,0.08201489128831085
1035,the,be,0.6423217402084664,0.3367750258126936,0.08155503445817336
1036,"a,to,of,the",be,0.641260378965297,0.022590169426270696,0.08049367321500389
1037,"for,a",be,0.6409958345442216,0.03308524813936105,0.08022912879392852
1038,"have,a",the,0.6045380017982758,0.028575214314107356,0.08022906948128339
1039,"in,the",be,0.6406884715585682,0.1297259729447971,0.07992176580827515
1040,take,the,0.6041488712629652,0.012377592831946239,0.07983993894597285
1041,"as,and,to",be,0.6405587819808507,0.010202576519323894,0.07979207623055762
1042,"they,the",be,0.6404746209624258,0.01214509108818316,0.07970791521213272
1043,for,be,0.6404478557848039,0.09095068213011598,0.07968115003451082
1044,"as,in,of,the",be,0.6403903903903904,0.01066257996934977,0.07962368464009728
1045,"a,to,in,of",be,0.6403214200047973,0.013347600107000802,0.07955471425450422
1046,"to,the",be,0.6402400900337627,0.11520086400648005,0.07947338428346962
1047,"a,to,in,of,the",be,0.6401650618982119,0.011635087263154474,0.07939835614791879
1048,"and,a,to",be,0.6399427789526061,0.025722692920196903,0.07917607320231301
1049,"first,the",be,0.6395826746759405,0.010115075863068973,0.07881596892564746
1050,"to,in,the",be,0.6394232388909477,0.04745035587766908,0.07865653314065457
1051,"as,in,of",be,0.6393775372124493,0.011812588594414457,0.0786108314621562
1052,"use,to",be,0.6392878515858768,0.010682580119350894,0.07852114583558367
1053,"as,and,in",be,0.6390366430260047,0.010812581094358207,0.07826993727571163
1054,"as,to",be,0.638906700865662,0.01992764945737093,0.07813999511536895
1055,"a,to,of",be,0.6374497348330322,0.027345205089038167,0.07668302908273916
1056,"at,to",be,0.6370783667258433,0.012560094200706506,0.0763116609755502
1057,be,the,0.6005617351374245,0.3367750258126936,0.07625280282043212
1058,"as,in,the",be,0.6369556765163297,0.016382622869671522,0.07618897076603659
1059,"of,the",be,0.6367716731776245,0.1532211491586187,0.07600496742733143
1060,for,the,0.6000809802126611,0.08521813913604352,0.07577204789566871
1061,"and,to,in,the",be,0.6361644997173544,0.022507668807516056,0.07539779396706137
1062,india,be,0.6360887096774194,0.014197606482048616,0.07532200392712629
1063,"for,a",the,0.5994381478252446,0.030940232051740388,0.07512921550825225
1064,"and,to,in,of",be,0.6358484625878896,0.015147613607102053,0.07508175683759655
1065,"and,to,in",be,0.6352872896111433,0.027365205239039292,0.07452058386085025
1066,"and,to,in,of,the",be,0.6350298028427327,0.013850103875779068,0.07426309709243961
1067,"an,the",be,0.6349763467114299,0.02080515603867029,0.0742096409611368
1068,"an,to",be,0.6331711444891052,0.014965112238341788,0.07240443873881208
1069,"to,in",be,0.6322260461868422,0.06337797533481501,0.07145934043654911
1070,this,be,0.6320996195088204,0.0228426713200349,0.07133291375852735
1071,"an,of,the",be,0.6319752588409305,0.011750088125660942,0.07120855309063745
1072,"how,of",the,0.5953429101019463,0.012847596356972676,0.0710339777849539
1073,"a,to",be,0.630822596630327,0.06683300124750936,0.07005589088003394
1074,"and,in,the",be,0.630414580772805,0.052575394315457366,0.06964787502251191
1075,"and,a,in,the",be,0.6297804391217565,0.019720147901109257,0.06901373337146344
1076,"and,to,of,the",be,0.6296077853140667,0.026687700157751182,0.06884107956377361
1077,"as,a,of,the",be,0.6292873923257635,0.010045075338065035,0.06852068657547039
1078,"have,and,to",be,0.6292238496136547,0.013640102300767256,0.06845714386336166
1079,"in,of,the",be,0.629219605220794,0.06351547636607274,0.06845289947050093
1080,"have,to,in",be,0.6291639662994167,0.0121350910131826,0.06839726054912365
1081,"and,the",be,0.6289603598089181,0.11816838626289697,0.06819365405862499
1082,not,the,0.5924788467565026,0.023632677245079337,0.06816991443951026
1083,"and,to,of",be,0.628621871430055,0.03026522698920242,0.06785516567976191
1084,"and,in,of,the",be,0.628517072193852,0.03138523538926542,0.06775036644355892
1085,"and,a,in,of,the",be,0.627999517665501,0.01302009765073238,0.06723281191520791
1086,"a,the",be,0.6278751134631523,0.09165318739890549,0.0671084077128592
1087,"as,a,the",be,0.6278452587526794,0.01537761533211499,0.0670785530023863
1088,"and,a,the",be,0.6278368512934455,0.039560296702225266,0.06707014554315238
1089,"and,to,the",be,0.6275982885826904,0.04657284929636972,0.06683158283239732
1090,"an,a",the,0.5904773652399161,0.011967589756923178,0.06616843292292374
1091,"as,in",be,0.6261448140900195,0.019997649982374868,0.06537810833972646
1092,"to,in,of,the",be,0.6259750142685014,0.02467768508263812,0.06520830851820836
1093,"to,in,of",be,0.6256566683612947,0.027690207676557575,0.06488996261100166
1094,"to,of,the",be,0.6253333732881844,0.05217039127793458,0.06456666753789131
1095,"a,in,the",be,0.6249394763305895,0.041947814608609565,0.06417277058029647
1096,than,the,0.5884449907805778,0.011967589756923178,0.06413605846358539
1097,"and,in,of",be,0.6245703316816213,0.0349777623332175,0.06380362593132827
1098,"have,to,of,the",be,0.6240881132885138,0.010907581806863551,0.06332140753822069
1099,"a,of,the",be,0.6240571410978726,0.05067538006535049,0.0632904353475795
1100,"and,a,in,of",be,0.6240159546551906,0.014862611469586022,0.06324924890489747
1101,"as,and,a",be,0.6237623762376238,0.010080075600567005,0.06299567048733068
1102,"a,in,of,the",be,0.6236423339227077,0.024690185176388824,0.06287562817241465
1103,"have,a,to",be,0.6235347672698305,0.01369760273202049,0.0627680615195374
1104,"have,and,in,the",be,0.6226794554455446,0.010062575469316019,0.06191274969525151
1105,"and,a,of,the",be,0.6221177666264371,0.024485183638877292,0.06135106087614406
1106,"as,a,of",be,0.6219351436857369,0.011795088463163473,0.0611684379354438
1107,"as,of,the",be,0.6215016551309058,0.02065265489491171,0.060734949380612746
1108,"as,and,of,the",be,0.6208360982083609,0.011695087713157849,0.06006939245806786
1109,"and,of,the",be,0.620818753517508,0.06342797570981783,0.060052047767214956
1110,your,be,0.6206162578552605,0.015307614807111054,0.05984955210496745
1111,"at,and,the",be,0.6203879247484323,0.010635079763098224,0.059621218998139214
1112,"and,a,in",be,0.6203806015960712,0.025265189488921168,0.05961389584577814
1113,"at,in,the",be,0.6203800688313632,0.010365077738083036,0.059613363081070125
1114,first,be,0.6203327171903882,0.012585094388207912,0.0595660114400951
1115,"a,be",the,0.5837459993949333,0.09165318739890549,0.05943706707794094
1116,"an,and",be,0.6201224177505739,0.012157591181933864,0.05935571200028078
1117,"in,of",be,0.6200733563720398,0.07311804838536289,0.05930665062174667
1118,"to,of",be,0.6196821238759729,0.061505461290959684,0.0589154181256798
1119,"an,of",be,0.6196717817561808,0.01453760903206774,0.05890507600588768
1120,"and,to",be,0.6185852284161804,0.061475461065958,0.05781852266588727
1121,"have,what",be,0.6182610001501727,0.010292577194328958,0.05749429439987963
1122,"how,and",be,0.5037471489084392,0.011595086963152224,0.05701955684185389
1123,"and,in",be,0.6176936701780553,0.06626049695372715,0.05692696442776224
1124,"at,the",be,0.6176637101339876,0.024547684107630807,0.056897004383694494
1125,"a,in,of",be,0.6176066024759285,0.02918521888914167,0.056839896725635386
1126,of,be,0.6176013353188564,0.18870641529811474,0.05683462956856333
1127,they,be,0.6175878992678413,0.019190143926079446,0.05682119351754822
1128,"as,and,the",be,0.6167063177372456,0.017497631232234242,0.05593961198695252
1129,"as,and,of",be,0.6165942964440794,0.013135098513238849,0.05582759069378629
1130,have,be,0.5055288014385217,0.06114795860968957,0.055237904311771335
1131,say,be,0.6159469568174091,0.018115135863518976,0.05518025106711599
1132,world,be,0.6159159159159159,0.010255076913076849,0.0551492101656228
1133,"from,a,the",be,0.6158166363084396,0.01014257606932052,0.055049930558146554
1134,"as,the",be,0.6147216076696165,0.03334275007062553,0.053954901919323395
1135,his,be,0.5069097324316377,0.017240129300969756,0.053856973318655355
1136,"have,to,of",be,0.6144387630874117,0.012617594631959739,0.05367205733711866
1137,people,be,0.5071409323632444,0.014115105863293976,0.05362577338704866
1138,"and,a,of",be,0.6143594605983986,0.029157718682890122,0.05359275484810555
1139,"as,of",be,0.6141991230332732,0.023812678595089464,0.053432417282980094
1140,"an,a",be,0.613543850992969,0.012435093263199474,0.05277714524267596
1141,"with,to,the",be,0.6131066923241394,0.01433760753205649,0.05233998657384631
1142,"at,of,the",be,0.6130552609873925,0.013007597556981677,0.05228855523709941
1143,"and,of",be,0.6126637916735778,0.0738755540666555,0.05189708592328468
1144,all,be,0.6125570494634267,0.012415093113198349,0.051790343713133624
1145,more,the,0.5758826724606192,0.01325259939449546,0.05157374014362681
1146,"on,to,the",be,0.6108252523253512,0.015432615744618084,0.05005854657505815
1147,"have,to,the",be,0.6108216731169991,0.02051765388240412,0.050054967366706005
1148,"have,and,in",be,0.6100481422046661,0.012355092663194974,0.049281436454372995
1149,'s,be,0.5118220597196831,0.04199531496486224,0.048944646030609995
1150,will,be,0.5119791666666667,0.014745110588329412,0.04878753908362643
1151,why,be,0.5132232077467654,0.031535236514273854,0.04754349800352764
1152,to,be,0.6080310659725185,0.17810883581626863,0.047264360222225466
1153,"at,in",be,0.6075716736094094,0.012397592981947364,0.046804967859116364
1154,"and,a",be,0.6074588604978086,0.05509541321559912,0.046692154747515535
1155,"at,of",be,0.6072776845637584,0.014477608582064365,0.04651097881346533
1156,"a,of",be,0.6070996369503833,0.06396297972234792,0.04633293120009019
1157,"have,and,of,the",be,0.606974921630094,0.011617587131903489,0.04620821587980095
1158,"have,a,of,the",be,0.6069644208932626,0.01002257516931377,0.04619771514296955
1159,their,be,0.5149038461538461,0.016065120488403663,0.04586285959644698
1160,"have,for",be,0.6064343845371313,0.011922589419420645,0.045667678786838195
1161,"have,a,in",be,0.6054603854389722,0.011310084825636193,0.0446936796886791
1162,"it,do",be,0.5163138231631382,0.010365077738083036,0.04445288258715485
1163,"with,to",be,0.6040816326530613,0.019980149851123882,0.04331492690276817
1164,"as,and",be,0.6040235525024534,0.021542661569961773,0.04325684675216035
1165,"on,of,the",be,0.6023527528809219,0.018817641132308494,0.041586047130628856
1166,"have,in,of,the",be,0.6021794508915935,0.010637579781848363,0.041412745141300444
1167,"state,the",be,0.6012046505112761,0.010730080475603566,0.04043794476098306
1168,"have,and,the",be,0.6009811320754717,0.019907649307369806,0.040214426325178576
1169,"as,a",be,0.6000712504453153,0.021055157913684352,0.0393045446950222
1170,and,be,0.5998636924607195,0.16283122123415925,0.039096986710426385
1171,"what,a,be",the,0.5633764832793959,0.02089015667617507,0.03906755096240355
1172,"on,and,of",be,0.599708242159008,0.010277577081828113,0.038941536408714894
1173,"from,to,the",be,0.5994298745724059,0.013142598569489272,0.03866316882211285
1174,from,be,0.5221673073402893,0.03565776743325575,0.038599398410003816
1175,"have,a,the",be,0.5991251093613298,0.017120128400963008,0.03835840361103671
1176,"why,the",be,0.5987355394135055,0.011127583456875926,0.037968833663212465
1177,will,the,0.5615451388888889,0.01617262129465971,0.037236206571896524
1178,"with,in,the",be,0.5976908529909426,0.01501261259459446,0.03692414724064952
1179,"at,and",be,0.5975214269168404,0.01289759673197549,0.03675472116654732
1180,"with,a,the",be,0.5974672583612946,0.013800103500776257,0.03670055261100147
1181,"on,to",be,0.59738003908229,0.020635154763660728,0.0366133333319969
1182,"have,in,of",be,0.5971028725754972,0.012160091200684005,0.03633616682520413
1183,time,be,0.5970388155262105,0.014920111900839257,0.03627210977591744
1184,"on,and,the",be,0.5959539717891611,0.0160551204134031,0.035187266038868015
1185,"have,and,of",be,0.5959295929592959,0.01354260156951177,0.03516288720900285
1186,"from,in,the",be,0.595519516217702,0.010832581244359332,0.03475281046740897
1187,become,the,0.5586854460093896,0.010115075863068973,0.03437651369239725
1188,in,be,0.5942675211636076,0.18058885441640812,0.03350081541331451
1189,"on,in,the",be,0.5939989088925259,0.013610102075765568,0.03323220314223285
1190,"what,to",the,0.5568534906588004,0.03539526546449098,0.03254455834180803
1191,an,the,0.5562346150581444,0.032765245739343044,0.03192568274115204
1192,"'s,the",be,0.5288538250155128,0.02983022372667795,0.03191288073478027
1193,"on,a,the",be,0.5925312920244129,0.014320107400805505,0.03176458627411982
1194,state,be,0.5923932982756512,0.012110090825681192,0.031626592525358155
1195,"his,the",be,0.5296085647373704,0.011872589044417833,0.03115814101292269
1196,"have,and,a",be,0.5914334806087383,0.012047590356927677,0.030666774858445267
1197,would,be,0.5301862278042443,0.015302614769610772,0.03058047794604879
1198,use,the,0.5546900357026939,0.02136266021995165,0.030381103385701547
1199,as,be,0.5908836781004374,0.04491783688377663,0.030116972350144322
1200,"with,a,of",be,0.5907827359180687,0.010095075713067848,0.030016030167775654
1201,"with,and,the",be,0.5905128910909258,0.01609012067590507,0.02974618534063267
1202,"an,in",be,0.5904384225600352,0.013400100500753756,0.02967171680974212
1203,"a,in",be,0.5896517658681156,0.05968794765960745,0.028885060117822547
1204,"on,the",be,0.5895519452421226,0.03746778100835756,0.02878523949182954
1205,on,be,0.5321453084881917,0.05233289249669373,0.028621397262101334
1206,"have,in,the",be,0.5885223962843423,0.01869014017605132,0.02775569053404925
1207,when,be,0.5883897523241786,0.02072765545741593,0.02762304657388548
1208,when,the,0.5515577318856008,0.019430145726092946,0.027248799568608373
1209,use,be,0.587990912041545,0.02264516983877379,0.027224206291251885
1210,"on,of",be,0.5876925211599834,0.021177658832441243,0.0269258154096903
1211,with,be,0.5342698898055732,0.04630284727135454,0.026496815944719865
1212,what,the,0.5507079486511925,0.137493531201484,0.026399016334200165
1213,if,be,0.5866261398176292,0.023160173701302758,0.02585943406733615
1214,"he,the",be,0.5863301060396496,0.012717595381965366,0.025563400289356553
1215,more,be,0.5863117870722433,0.01349260119450896,0.025545081321950214
1216,at,be,0.5862967707735124,0.03318024885186639,0.025530065023219306
1217,"with,of,the",be,0.5860410161195038,0.017360130200976508,0.025274310369210684
1218,"have,a,of",be,0.5859114707282247,0.012310092325692443,0.02514476497793161
1219,"after,the",be,0.5858559498956158,0.011225084188131411,0.025089244145322764
1220,its,be,0.5357444243520193,0.011110083325624942,0.025022281398273782
1221,"from,of,the",be,0.5855277475516866,0.013452600894506709,0.02476104180139349
1222,"have,to",be,0.5849218789502958,0.02892021690162676,0.02415517320000271
1223,"from,and,the",be,0.5848541278708876,0.011777588331912489,0.02408742212059456
1224,"with,and,of",be,0.5847906730259671,0.011035082763120723,0.02402396727567402
1225,"with,the",be,0.5843755747654957,0.031772738295537215,0.02360886901520265
1226,one,be,0.5835795366194994,0.01876514073855554,0.02281283086920627
1227,also,be,0.5830833141010847,0.012632594744460584,0.022316608350791634
1228,"or,be",the,0.5464292805612548,0.02064015480116101,0.022120348244262455
1229,"'s,a",be,0.5392129757626025,0.014627609707072803,0.021553729987690562
1230,after,be,0.5401023890784983,0.015825118688390163,0.020664316671794802
1231,where,the,0.5038787878787879,0.010392577944334583,0.020430144438204456
1232,"at,a",be,0.5810608675641468,0.012625094688210162,0.020294161813853684
1233,work,the,0.5048676984523215,0.010112575844318832,0.019441233864670893
1234,"on,and",be,0.5799970777323202,0.01984764885736643,0.01923037198202715
1235,"have,a",be,0.5418099116729254,0.025610192076440573,0.018956794077367722
1236,"their,the",be,0.5418143626099514,0.010317577381830364,0.018952343140341665
1237,it,the,0.5058490773286467,0.04605284539634047,0.01845985498834568
1238,"on,a",be,0.5428808175666344,0.019655147413605602,0.01788588818365866
1239,"have,of,the",be,0.5783929777177582,0.021415160613704604,0.017626271967465135
1240,"or,a",the,0.5414611767404519,0.011802588519413895,0.01715224442345953
1241,"it,a,be",the,0.5073213588442015,0.012992597444480834,0.016987573472790896
1242,other,be,0.5774539877300614,0.01317759883199124,0.01668728197976832
1243,"on,in",be,0.5773647760147278,0.016465123488426162,0.016598070264434717
1244,"'s,in,the",be,0.5773290970585221,0.014082605619542147,0.016562391308229008
1245,he,be,0.5772381945478922,0.019375145313589852,0.016471488797599076
1246,would,the,0.5405803378085752,0.015602617019627648,0.01627140549158279
1247,about,the,0.5405686218947766,0.014307607307054803,0.01625968957778423
1248,"'s,of,the",be,0.5766823831975997,0.016817626132195992,0.015915677447306598
1249,"from,the",be,0.5764439411098528,0.025450190876431574,0.01567723535955967
1250,an,be,0.5756302521008403,0.03390775430815731,0.014863546350547208
1251,"with,of",be,0.5754099514392287,0.020440153301149757,0.014643245688935602
1252,"from,in",be,0.5753321092990604,0.013317599881999116,0.014565403548767342
1253,"with,in",be,0.5750189250567752,0.018990142426068196,0.014252219306482128
1254,"'s,to",be,0.5466431378840138,0.017037627782208367,0.01412356786627933
1255,"from,of",be,0.5740862538757869,0.015275114563359225,0.013319548125493852
1256,"with,and",be,0.5730182717406237,0.020855156413673102,0.012251565990330615
1257,new,be,0.5723765605668654,0.012722595419465646,0.011609854816572285
1258,"if,be",the,0.5129533678756477,0.011880089100668255,0.011355564441344668
1259,many,be,0.5502304147465438,0.010447578356837676,0.01053629100374931
1260,"you,the",be,0.5503800217155266,0.012672595044462833,0.010386684034766502
1261,"it,be",the,0.5140552995391705,0.03346525098938242,0.010253632777821875
1262,"from,and",be,0.5709861608438982,0.014750110625829694,0.010219455093605112
1263,"from,to",be,0.5708278364116095,0.017307629807223553,0.01006113066131642
1264,india,the,0.5145609318996416,0.011485086138146037,0.0097480004173508
1265,"from,a",be,0.5703863542951089,0.013877604082030615,0.009619648544815784
1266,or,the,0.515028502332009,0.029815223614177107,0.009280429984983352
1267,"'s,and",be,0.552164484780339,0.017187628907216805,0.00860222096995411
1268,"have,and",be,0.5691204793494543,0.02659519946399598,0.00835377359916123
1269,into,be,0.552634986404247,0.010670080025600192,0.008131719346046062
1270,"'s,of",be,0.568701458953328,0.019587646907351805,0.007934753203034939
1271,"'s,in",be,0.5672423671932553,0.01732512993847454,0.006475661442962188
1272,"with,a",be,0.5552478537801163,0.020050150376127823,0.0055188519701767635
1273,"you,what",be,0.555835340486096,0.012692595194463958,0.0049313652641971295
1274,"have,the",be,0.5656335765446148,0.04225031687737658,0.004866870794321687
1275,like,be,0.5646510743487355,0.014847611357085178,0.0038843685984424337
1276,"'s,a,the",be,0.5644316396018858,0.010775080813106097,0.003664933851592722
1277,about,be,0.5587040710305091,0.014787610907081803,0.0020626347197839623
1278,"have,in",be,0.5626349261917265,0.024107680807606058,0.0018682204414334214
1279,a,be,0.562599659589716,0.15700867756508174,0.001832953839422946
1280,"'s,to,the",be,0.5590559589918838,0.013087598156986178,0.0017107467584093206
1281,a,the,0.523058317656544,0.145973594801961,0.0012506146604484014
1282,"have,of",be,0.5599345870809485,0.02568019260144451,0.0008321186693446281
1283,"'s,and,the",be,0.5614281416106709,0.013995104963287224,0.0006614358603778125
1284,"you,be",the,0.5241443490848929,0.012672595044462833,0.0001645832320994467